000000001503.jpg,"[['tvmonitor', 96.43160104751587, 1194, 692, 498, 107], ['laptop', 99.70239996910095, 691, 135, 1023, 442], ['keyboard', 99.83252882957458, 1528, 838, 928, 720], ['mouse', 99.66241121292114, 837, 677, 881, 799]]"
000000006608.jpg,"[['tvmonitor', 76.2105405330658, 605, 401, 525, 355], ['laptop', 99.62111711502077, 1104, 890, 552, 408], ['keyboard', 99.4969606399536, 582, 294, 685, 585], ['chair', 99.49731230735779, 1542, 1324, 1045, 517], ['laptop', 73.9612638950348, 1202, 1033, 495, 441], ['bottle', 82.07519054412842, 1353, 1313, 511, 425], ['mouse', 85.68768501281737, 294, 255, 657, 629]]"
000000008583.jpg,"[['tvmonitor', 97.52750396728516, 1185, 650, 714, 297], ['keyboard', 99.43679571151732, 1179, 600, 981, 834], ['book', 60.06571054458618, 431, 298, 208, 187], ['book', 64.26753401756287, 433, 295, 226, 204], ['mouse', 98.73367547988892, 1339, 1240, 910, 827]]"
000000015374.jpg,"[['keyboard', 98.36918711662292, 1210, 820, 917, 732], ['tvmonitor', 98.17366003990172, 1209, 884, 506, 217], ['bottle', 93.93022656440736, 365, 294, 710, 568], ['bottle', 74.28666353225708, 898, 838, 615, 508], ['mouse', 96.942400932312, 1293, 1241, 845, 788]]"
000000016669.jpg,"[['tvmonitor', 99.9365508556366, 1228, 481, 789, 126], ['laptop', 91.37226343154907, 480, 67, 849, 689], ['keyboard', 99.91053938865662, 1253, 593, 1007, 802], ['tvmonitor', 99.02526736259459, 1647, 1398, 743, 331], ['mouse', 99.0650713443756, 1391, 1252, 862, 775]]"
000000018571.jpg,"[['tvmonitor', 76.20777487754822, 1655, 571, 348, 49], ['keyboard', 92.66036152839659, 1633, 1245, 640, 491]]"
000000021190.jpg,"[['tvmonitor', 99.53977465629578, 1137, 484, 746, 377], ['keyboard', 98.1977641582489, 1124, 471, 1000, 834], ['bottle', 99.71867799758913, 1592, 1487, 1026, 720], ['remote', 92.17820763587952, 1361, 1118, 774, 732], ['mouse', 81.2316119670868, 1227, 1132, 899, 846]]"
000000023575.jpg,"[['tvmonitor', 99.69872832298279, 1094, 501, 833, 475], ['keyboard', 81.25925064086914, 1120, 595, 977, 877], ['mouse', 82.80466794967651, 1236, 1123, 1026, 953]]"
000000024104.jpg,"[['tvmonitor', 97.64811992645264, 710, 358, 565, 315], ['keyboard', 99.77601766586305, 973, 560, 917, 718], ['tvmonitor', 99.51459765434264, 988, 726, 587, 312], ['tvmonitor', 99.33560490608215, 1259, 965, 686, 350], ['cup', 99.19871687889099, 1238, 1118, 965, 842], ['mouse', 86.54175996780396, 1028, 933, 929, 864]]"
000000024880.jpg,"[['tvmonitor', 90.79105854034424, 1110, 682, 727, 447], ['laptop', 99.72334504127502, 589, 247, 776, 529], ['keyboard', 99.75428581237793, 1220, 793, 971, 878], ['book', 76.54226422309874, 808, 603, 238, 200], ['book', 73.56206178665161, 795, 608, 264, 217], ['book', 82.98590183258057, 807, 606, 299, 268], ['book', 80.02141714096071, 811, 601, 310, 282], ['cup', 83.58450531959535, 1236, 1131, 762, 687], ['mouse', 99.62361454963684, 1295, 1215, 920, 872]]"
000000029891.jpg,"[['tvmonitor', 99.41823482513428, 1403, 759, 766, 357], ['laptop', 99.75277781486513, 1017, 302, 1038, 505], ['mouse', 99.60780739784241, 1515, 1312, 1014, 889], ['cup', 97.99596667289734, 345, 136, 1058, 899]]"
000000030148.jpg,"[['tvmonitor', 99.67310428619385, 716, 333, 637, 186], ['keyboard', 99.57846999168396, 941, 312, 1002, 782], ['mouse', 98.19592237472534, 1127, 991, 855, 792]]"
000000034196.jpg,"[['tvmonitor', 99.62683320045471, 869, 363, 748, 348], ['tvmonitor', 99.0347981452942, 1392, 856, 788, 397], ['keyboard', 99.70474243164062, 1082, 522, 853, 784], ['mouse', 99.68119859695436, 1320, 1242, 899, 846]]"
000000034624.jpg,"[['chair', 99.58835244178772, 1430, 1204, 710, 549], ['keyboard', 96.75688743591309, 1205, 931, 969, 766], ['chair', 84.20938253402709, 965, 625, 1064, 722]]"
000000035094.jpg,"[['tvmonitor', 98.97705316543579, 659, 219, 821, 391], ['tvmonitor', 95.81448435783386, 1032, 655, 780, 463], ['tvmonitor', 97.1235692501068, 1453, 1046, 822, 476], ['keyboard', 97.84821271896362, 1197, 637, 989, 865], ['book', 68.75449419021606, 325, 248, 268, 40], ['mouse', 99.90763068199158, 1329, 1244, 965, 891]]"
000000043092.jpg,"[['tvmonitor', 99.37804341316223, 1035, 529, 609, 201], ['book', 94.35612559318542, 706, 161, 943, 773], ['book', 78.09230685234071, 1214, 751, 929, 795], ['book', 92.96963214874269, 727, 164, 1029, 878], ['cup', 99.44954514503479, 643, 499, 769, 577], ['keyboard', 90.57959914207458, 1102, 620, 780, 689], ['mouse', 90.84818363189696, 1373, 1299, 766, 714]]"
000000046002.jpg,"[['tvmonitor', 73.92022013664246, 1276, 565, 444, 49], ['laptop', 97.16460704803468, 1504, 496, 1094, 382]]"
000000051152.jpg,"[['book', 81.03545904159544, 790, 428, 1072, 808], ['tvmonitor', 72.32664227485655, 1100, 909, 441, 117], ['book', 68.88643503189087, 818, 690, 484, 373], ['book', 79.26672101020812, 727, 466, 525, 446], ['book', 87.91448473930359, 730, 463, 551, 472], ['keyboard', 99.11994338035583, 1290, 1013, 635, 488], ['book', 66.47036671638489, 888, 688, 369, 318], ['mouse', 65.22584557533264, 1207, 1141, 482, 455]]"
000000052546.jpg,"[['pottedplant', 67.29933619499208, 1422, 997, 869, 590], ['laptop', 99.77577328681946, 1113, 713, 939, 672], ['diningtable', 62.50324249267578, 1102, 577, 1086, 842], ['chair', 85.26975512504579, 1338, 1021, 1075, 727]]"
000000055323.jpg,"[['tvmonitor', 99.71240162849426, 1197, 493, 743, 215], ['keyboard', 98.32842946052551, 1191, 452, 983, 794], ['mouse', 99.26133155822754, 1318, 1192, 950, 816]]"
000000056344.jpg,"[['tvmonitor', 95.2239990234375, 735, 134, 698, 366], ['tvmonitor', 98.93066883087158, 1444, 758, 741, 424], ['tvmonitor', 90.42895436286926, 1342, 1100, 961, 725], ['keyboard', 99.59867000579834, 944, 580, 996, 874], ['cell phone', 86.82586550712584, 656, 575, 801, 734], ['mouse', 94.83092427253723, 1109, 1036, 1012, 893]]"
000000062376.jpg,"[['chair', 92.79707074165344, 1262, 734, 1100, 633], ['chair', 65.72566032409668, 520, 270, 257, 23], ['tvmonitor', 99.74897503852844, 536, 266, 803, 317], ['keyboard', 99.5345950126648, 799, 562, 950, 668], ['mouse', 99.57697987556458, 840, 740, 687, 618]]"
000000066635.jpg,"[['tvmonitor', 97.66332507133484, 979, 383, 677, 122], ['keyboard', 99.91981387138368, 1227, 639, 1056, 782], ['mouse', 99.93932843208313, 1364, 1255, 833, 752]]"
000000071099.jpg,"[['microwave', 98.02880883216858, 1170, 773, 651, 359], ['microwave', 99.690979719162, 810, 140, 810, 321]]"
000000072051.jpg,"[['tvmonitor', 99.55865144729614, 573, 57, 576, 124], ['tvmonitor', 99.8025119304657, 1200, 560, 593, 165], ['tvmonitor', 98.66740107536316, 1582, 1185, 606, 252], ['keyboard', 99.81664419174194, 1154, 589, 879, 798], ['cell phone', 87.96395063400269, 571, 514, 669, 545], ['remote', 88.222336769104, 1261, 1172, 727, 660], ['mouse', 97.86795377731323, 1372, 1235, 885, 815]]"
000000074576.jpg,"[['tvmonitor', 99.49036240577698, 754, 239, 680, 293], ['tvmonitor', 99.70771670341492, 1205, 790, 624, 299], ['tvmonitor', 92.14057326316832, 1446, 1170, 736, 521], ['laptop', 92.99066066741943, 1440, 1170, 765, 519], ['keyboard', 95.32932639122008, 875, 576, 809, 709]]"
000000086951.jpg,"[['tvmonitor', 99.3524432182312, 562, 36, 581, 155], ['tvmonitor', 99.62140321731569, 1219, 548, 602, 202], ['tvmonitor', 92.36847758293152, 1642, 1188, 652, 262], ['keyboard', 98.36497902870178, 1102, 542, 934, 860], ['mouse', 98.59203100204469, 1364, 1272, 914, 844]]"
000000087205.jpg,"[['tvmonitor', 98.99168610572815, 1114, 675, 862, 549], ['keyboard', 97.51814603805542, 1145, 538, 1007, 871], ['tvmonitor', 78.77659797668456, 250, 98, 717, 610], ['mouse', 96.4409112930298, 1289, 1185, 956, 886]]"
000000089359.jpg,"[['tvmonitor', 99.06548857688904, 836, 213, 605, 179], ['tvmonitor', 99.8997926712036, 1422, 814, 646, 237], ['keyboard', 99.70160126686096, 1106, 375, 979, 806], ['mouse', 96.87772393226624, 1549, 1349, 996, 877]]"
000000093634.jpg,"[['tvmonitor', 83.12301635742188, 876, 385, 605, 132], ['keyboard', 96.52069211006165, 903, 415, 937, 798], ['teddy bear', 89.29942846298219, 448, 299, 636, 460], ['cell phone', 80.16169667243958, 1276, 1222, 857, 759], ['mouse', 99.63902831077576, 1140, 1040, 924, 821]]"
000000094359.jpg,"[['mouse', 93.15999746322632, 1547, 1446, 998, 827]]"
000000094609.jpg,"[['tvmonitor', 99.92839097976685, 1187, 678, 554, 102], ['keyboard', 99.53545928001404, 1300, 649, 925, 786], ['mouse', 89.95974659919739, 1459, 1345, 837, 746]]"
000000097964.jpg,"[['tvmonitor', 98.96802306175232, 1349, 742, 768, 336], ['laptop', 99.65409636497498, 895, 187, 1019, 419]]"
000000102171.jpg,"[['tvmonitor', 99.3937075138092, 1048, 580, 856, 394], ['tvmonitor', 89.47794437408447, 535, 118, 829, 509], ['laptop', 77.56034135818481, 565, 111, 1014, 498], ['keyboard', 98.70571494102478, 1111, 594, 995, 873], ['mouse', 99.41028952598572, 1263, 1166, 1002, 915], ['mouse', 98.65778088569641, 1372, 1292, 1003, 921]]"
000000102739.jpg,"[['tvmonitor', 99.88028407096864, 1410, 963, 609, 268], ['laptop', 99.39048886299132, 1017, 485, 995, 547], ['keyboard', 60.09191870689392, 1097, 523, 1061, 920], ['mouse', 98.92398118972778, 1309, 1217, 971, 899], ['remote', 72.52917289733888, 1401, 1322, 981, 894]]"
000000110518.jpg,"[['tvmonitor', 99.16076064109802, 1194, 571, 767, 200], ['keyboard', 94.02459263801576, 1319, 534, 1003, 841], ['cell phone', 80.0882339477539, 553, 278, 915, 819], ['mouse', 96.41252756118773, 1503, 1359, 939, 846]]"
000000114187.jpg,"[['mouse', 90.57517647743224, 1150, 1053, 571, 469], ['keyboard', 99.2823839187622, 1069, 763, 809, 658]]"
000000119849.jpg,"[['laptop', 97.78650403022766, 1209, 275, 1064, 171], ['cup', 99.92501735687256, 386, 164, 790, 532], ['mouse', 99.78598952293396, 1453, 1228, 1034, 856]]"
000000121157.jpg,"[['tvmonitor', 99.86631274223328, 1136, 535, 714, 215], ['keyboard', 92.2552764415741, 629, 216, 892, 779], ['cell phone', 93.60581636428832, 1249, 1027, 906, 849], ['mouse', 81.10340237617494, 837, 678, 950, 874]]"
000000130120.jpg,"[['bed', 99.93194341659546, 1533, 654, 1065, 448], ['tvmonitor', 85.79764366149901, 601, 371, 547, 336], ['keyboard', 98.61134886741638, 629, 317, 693, 591], ['book', 65.11654257774353, 1066, 906, 550, 499], ['bottle', 65.42752981185913, 566, 524, 591, 494]]"
000000130130.jpg,"[['keyboard', 99.453604221344, 1420, 537, 1097, 980]]"
000000130215.jpg,"[['tvmonitor', 99.93675351142885, 994, 396, 600, 89], ['tvmonitor', 99.6432363986969, 1498, 1021, 686, 347], ['keyboard', 99.91773962974548, 1055, 450, 878, 677], ['chair', 70.82364559173584, 1026, 133, 1073, 895], ['mouse', 99.81387257575987, 1140, 1027, 745, 641]]"
000000135475.jpg,"[['tvmonitor', 99.57646131515504, 1441, 785, 701, 277], ['keyboard', 95.034658908844, 1156, 573, 971, 875], ['book', 62.97343969345093, 830, 816, 107, 48], ['mouse', 99.24709796905519, 1399, 1298, 1001, 910]]"
000000137701.jpg,"[['tvmonitor', 96.45782113075256, 1223, 815, 725, 429], ['tvmonitor', 89.3207848072052, 792, 296, 820, 440], ['keyboard', 94.96030807495116, 845, 467, 915, 844], ['chair', 93.57247352600098, 878, 486, 1066, 1011], ['cup', 62.88134455680847, 492, 419, 843, 734]]"
000000140122.jpg,"[['microwave', 96.45646810531616, 604, 102, 494, 53], ['tvmonitor', 96.95045351982115, 1571, 1056, 598, 66], ['laptop', 97.69287109375, 829, 145, 933, 594], ['keyboard', 80.98793625831605, 1532, 997, 969, 703], ['bottle', 79.73601222038269, 289, 184, 719, 532]]"
000000143392.jpg,"[['tvmonitor', 99.69410300254822, 1153, 234, 705, 65], ['keyboard', 99.92180466651917, 1203, 459, 977, 843], ['mouse', 97.74038195610045, 1517, 1393, 978, 874]]"
000000145325.jpg,"[['tvmonitor', 99.55231547355652, 1140, 753, 290, 94], ['tvmonitor', 98.57128858566284, 1529, 1133, 421, 112], ['keyboard', 99.8303472995758, 1201, 762, 456, 294], ['chair', 99.69952702522278, 973, 100, 998, 148], ['mouse', 78.87824773788451, 1404, 1327, 487, 423]]"
000000145444.jpg,"[['tvmonitor', 96.70678377151488, 986, 579, 651, 320], ['cup', 99.34839010238649, 1099, 940, 944, 787], ['keyboard', 98.55096936225893, 977, 595, 929, 823], ['book', 64.5518958568573, 528, 323, 330, 307], ['book', 68.31310391426085, 531, 323, 347, 327], ['book', 60.12527346611023, 526, 329, 369, 348], ['mouse', 81.8075656890869, 1253, 1178, 906, 848]]"
000000154423.jpg,"[['tvmonitor', 78.7988543510437, 579, 87, 197, 10], ['tvmonitor', 99.77937936782835, 1024, 657, 650, 346], ['keyboard', 99.86425042152405, 1045, 655, 812, 712], ['keyboard', 90.21119475364685, 1115, 573, 891, 820], ['cup', 82.05525875091553, 1212, 1144, 653, 566], ['mouse', 97.23624587059021, 1206, 1146, 797, 740]]"
000000156609.jpg,"[['tvmonitor', 98.84545803070068, 922, 441, 676, 162], ['keyboard', 99.90145564079285, 1251, 879, 945, 734], ['chair', 64.86911177635193, 1572, 1153, 1094, 884], ['mouse', 99.88130331039429, 1334, 1258, 710, 658]]"
000000158000.jpg,"[['laptop', 91.94684028625488, 1394, 811, 1109, 558]]"
000000161051.jpg,"[['keyboard', 99.41658973693848, 1080, 559, 991, 849], ['tvmonitor', 98.4095573425293, 1023, 665, 662, 377], ['vase', 94.09183859825134, 1227, 1130, 980, 744], ['book', 64.78517055511475, 1282, 1133, 211, 166], ['book', 62.55496740341186, 1289, 1133, 223, 186]]"
000000161812.jpg,"[['tvmonitor', 99.37335252761841, 859, 421, 514, 161], ['laptop', 62.83981204032898, 880, 510, 849, 659], ['book', 82.12437629699706, 1354, 1115, 784, 680], ['cup', 99.75709319114685, 440, 325, 809, 683], ['keyboard', 96.34923338890076, 890, 503, 825, 691], ['mouse', 94.9635922908783, 1131, 1017, 896, 755]]"
000000164170.jpg,"[['tvmonitor', 99.8292863368988, 1226, 795, 655, 108], ['laptop', 99.93725419044495, 692, 359, 641, 437], ['mouse', 99.72506165504456, 892, 738, 780, 714]]"
000000174511.jpg,"[['tvmonitor', 97.921222448349, 1144, 525, 592, 162], ['keyboard', 99.15188550949095, 1272, 489, 1053, 878], ['remote', 98.26805591583252, 358, 208, 1028, 871], ['mouse', 99.8448610305786, 1512, 1390, 1037, 924]]"
000000175954.jpg,"[['tvmonitor', 94.91800665855408, 669, 289, 548, 256], ['keyboard', 99.24166202545166, 670, 284, 719, 659], ['cup', 96.35555148124695, 295, 210, 693, 601], ['cup', 96.97331190109252, 712, 624, 694, 603], ['mouse', 98.8510251045227, 591, 490, 762, 701]]"
000000177974.jpg,"[['laptop', 99.93407130241394, 806, 309, 792, 399], ['cup', 95.79460620880128, 905, 804, 483, 357], ['cup', 97.84850478172302, 1036, 921, 530, 337], ['cup', 88.06464076042175, 1292, 1145, 595, 502], ['cup', 99.36649799346924, 1316, 1160, 761, 575], ['mouse', 95.31162977218628, 994, 908, 706, 613]]"
000000178192.jpg,"[['laptop', 99.39988851547241, 993, 594, 759, 433], ['tvmonitor', 92.36946105957031, 1523, 987, 792, 421], ['laptop', 99.38484430313109, 670, 167, 977, 551], ['tvmonitor', 61.95296049118042, 921, 602, 728, 409], ['keyboard', 99.84161257743835, 1111, 618, 922, 807], ['mouse', 99.29582476615906, 1446, 1353, 850, 787]]"
000000178469.jpg,"[['laptop', 99.5430588722229, 1423, 250, 1065, 203], ['cup', 87.22184300422668, 1374, 1187, 663, 408], ['book', 64.48288559913635, 295, 250, 148, 78]]"
000000182755.jpg,"[['tvmonitor', 95.32395005226135, 714, 364, 590, 324], ['tvmonitor', 99.93768334388731, 1118, 736, 653, 325], ['tvmonitor', 99.86802339553832, 1509, 1133, 770, 386], ['laptop', 99.769526720047, 621, 130, 854, 445], ['keyboard', 99.64299201965332, 1087, 686, 777, 667], ['mouse', 99.3596613407135, 1208, 1127, 833, 753]]"
000000187379.jpg,"[['tvmonitor', 88.19348216056824, 1126, 624, 627, 227], ['tvmonitor', 96.97076678276062, 622, 210, 790, 290], ['keyboard', 99.96979832649231, 1074, 695, 943, 760], ['mouse', 99.6411383152008, 1329, 1247, 752, 688]]"
000000190667.jpg,"[['tvmonitor', 98.06328415870668, 547, 106, 738, 21], ['keyboard', 98.43631386756896, 802, 146, 1072, 819], ['book', 80.57067990303041, 921, 839, 707, 439], ['book', 72.20786213874817, 956, 883, 693, 441], ['book', 85.80462336540222, 827, 652, 754, 439], ['book', 69.06451582908629, 850, 761, 738, 450], ['mouse', 97.90258407592772, 1027, 852, 962, 846]]"
000000191136.jpg,"[['tvmonitor', 99.78998303413393, 1541, 894, 737, 139], ['laptop', 99.92685317993164, 874, 364, 718, 179], ['keyboard', 99.23545718193054, 964, 559, 851, 725], ['mouse', 98.84502291679381, 1119, 993, 831, 745]]"
000000195918.jpg,"[['tvmonitor', 99.5253562927246, 1251, 785, 673, 346], ['tvmonitor', 99.0405023097992, 666, 149, 738, 324], ['laptop', 98.93770217895508, 1647, 1350, 857, 524], ['keyboard', 99.10456538200378, 716, 293, 841, 737], ['chair', 61.0241174697876, 527, 36, 1055, 936], ['mouse', 99.30809736251831, 833, 758, 751, 710]]"
000000197980.jpg,"[['tvmonitor', 98.28394055366516, 1116, 536, 593, 58], ['keyboard', 99.48486685752869, 1417, 865, 1019, 736], ['mouse', 98.86913299560548, 1399, 1283, 764, 701]]"
000000204473.jpg,"[['tvmonitor', 99.29080009460449, 857, 367, 538, 133], ['keyboard', 99.08595085144043, 891, 240, 1053, 842], ['mouse', 94.9242651462555, 1113, 1027, 974, 878]]"
000000205703.jpg,"[['keyboard', 99.89932775497437, 1448, 1107, 1027, 840], ['book', 82.45283365249635, 519, 419, 184, 21], ['book', 80.17181754112244, 211, 138, 698, 492], ['book', 84.4831943511963, 258, 180, 684, 516], ['tvmonitor', 99.61735606193542, 1533, 1297, 825, 478], ['book', 83.54141116142274, 312, 141, 897, 796], ['book', 65.75396060943604, 254, 226, 412, 265], ['book', 72.01430797576904, 288, 262, 410, 267], ['book', 63.01647424697876, 435, 293, 955, 895], ['book', 74.11655783653259, 254, 141, 987, 939], ['mouse', 95.06048560142516, 1538, 1452, 1030, 961]]"
000000206701.jpg,"[['tvmonitor', 99.52376484870909, 1299, 732, 669, 105], ['keyboard', 89.42834734916687, 830, 311, 907, 735], ['mouse', 70.10582685470581, 670, 548, 1012, 907]]"
000000213207.jpg,"[['sofa', 96.15600705146791, 1116, 260, 1076, 569], ['chair', 73.26824069023131, 1238, 1158, 445, 280], ['chair', 91.1642849445343, 843, 528, 707, 392], ['laptop', 97.2539484500885, 472, 210, 732, 536], ['keyboard', 80.11490702629091, 288, 142, 854, 725], ['book', 63.25892210006714, 482, 462, 264, 216], ['book', 62.70991563796997, 508, 490, 260, 216], ['book', 66.99919104576111, 538, 516, 259, 213]]"
000000214990.jpg,"[['tvmonitor', 99.50799345970154, 772, 111, 1054, 376], ['tvmonitor', 80.2384614944458, 1093, 742, 784, 410], ['mouse', 99.55706000328064, 1266, 1115, 997, 920]]"
000000215167.jpg,"[['tvmonitor', 99.90829229354858, 905, 267, 531, 87], ['keyboard', 98.93613457679749, 1008, 314, 984, 759], ['remote', 96.04873657226562, 776, 535, 634, 548], ['remote', 97.33530282974243, 513, 315, 604, 542], ['remote', 64.42484855651854, 438, 372, 682, 615], ['mouse', 99.77806806564331, 1032, 941, 691, 600]]"
000000217269.jpg,"[['tvmonitor', 93.67275834083557, 1248, 747, 607, 171], ['keyboard', 98.25512170791626, 1346, 756, 792, 682], ['keyboard', 80.79335689544678, 1304, 744, 755, 656], ['mouse', 99.75762963294984, 1424, 1314, 713, 647]]"
000000225757.jpg,"[['tvmonitor', 99.9655306339264, 990, 474, 554, 130], ['tvmonitor', 99.740731716156, 1480, 1064, 632, 164], ['keyboard', 99.79077577590942, 903, 368, 869, 709], ['laptop', 98.99758100509644, 1467, 1015, 1046, 743], ['tvmonitor', 99.3626832962036, 355, 121, 501, 189], ['mouse', 78.57190370559692, 972, 847, 979, 846], ['cell phone', 83.79039168357848, 857, 786, 674, 570], ['cell phone', 97.23314046859741, 946, 887, 704, 590]]"
000000234341.jpg,"[['keyboard', 93.98286938667296, 1066, 564, 892, 750], ['cell phone', 81.65080547332764, 786, 626, 642, 529], ['cell phone', 69.5419192314148, 1073, 1014, 499, 427]]"
000000234603.jpg,"[['tvmonitor', 99.17649030685423, 1317, 1029, 867, 635], ['keyboard', 60.966020822525024, 1359, 1019, 995, 931], ['keyboard', 70.53954005241394, 1280, 1066, 962, 917]]"
000000234929.jpg,"[['aeroplane', 80.06317615509033, 1552, 177, 792, 376]]"
000000237054.jpg,"[['tvmonitor', 87.38067746162416, 1271, 367, 640, 139], ['laptop', 68.85777115821838, 1287, 345, 750, 157], ['keyboard', 99.57387447357178, 1117, 358, 965, 816], ['mouse', 98.04906845092772, 1522, 1291, 963, 814], ['cell phone', 75.24213194847106, 1100, 991, 740, 669]]"
000000253491.jpg,"[['keyboard', 97.43447303771973, 1332, 633, 465, 287], ['mouse', 93.60082149505615, 1503, 1050, 891, 523]]"
000000261453.jpg,"[['laptop', 98.49897027015686, 534, 124, 953, 425], ['keyboard', 99.32751655578613, 989, 454, 1071, 881], ['tvmonitor', 87.49757409095764, 1205, 903, 832, 560], ['book', 71.05888724327087, 902, 876, 357, 218], ['book', 74.36075806617738, 936, 906, 355, 215], ['book', 61.08612418174744, 802, 778, 367, 237], ['book', 60.58494448661804, 834, 810, 363, 240], ['book', 60.26342511177063, 866, 842, 361, 236], ['book', 66.2025511264801, 900, 873, 705, 581]]"
000000264385.jpg,"[['laptop', 93.40722560882568, 1312, 169, 987, 145], ['bottle', 76.70199275016785, 850, 758, 166, 20], ['mouse', 97.19758629798888, 1493, 1336, 657, 491]]"
000000267175.jpg,"[['chair', 99.70411658287048, 1057, 319, 1065, 539], ['tvmonitor', 99.59716200828552, 952, 696, 640, 408], ['tvmonitor', 93.7260389328003, 1219, 962, 628, 417], ['keyboard', 99.6881067752838, 1158, 758, 728, 651], ['mouse', 87.96219825744629, 1243, 1181, 748, 697]]"
000000267870.jpg,"[['tvmonitor', 99.85918998718262, 1196, 485, 757, 321], ['cup', 91.18111729621887, 1245, 1162, 860, 688], ['keyboard', 99.90235567092896, 1029, 618, 919, 825], ['mouse', 99.25268888473512, 555, 446, 986, 907]]"
000000268793.jpg,"[['tvmonitor', 99.82041120529176, 736, 233, 716, 268], ['tvmonitor', 99.87396001815796, 1372, 761, 743, 188], ['keyboard', 99.67777132987976, 1142, 376, 948, 764], ['mouse', 99.82118606567384, 1404, 1282, 932, 820]]"
000000270096.jpg,"[['tvmonitor', 97.34905362129213, 1023, 404, 487, 90], ['tvmonitor', 86.9896411895752, 1412, 1025, 460, 170], ['laptop', 99.8905599117279, 729, 239, 879, 434], ['keyboard', 68.9658522605896, 718, 247, 853, 589], ['keyboard', 98.52652549743652, 1030, 465, 989, 812], ['banana', 85.65800189971924, 1036, 953, 557, 464], ['cell phone', 93.12688708305359, 885, 807, 563, 476]]"
000000272510.jpg,"[['tvmonitor', 99.7993230819702, 1350, 623, 798, 192], ['teddy bear', 89.19717669487, 284, 76, 771, 490], ['keyboard', 99.91293549537659, 949, 523, 931, 845], ['cell phone', 64.02819156646729, 1374, 1195, 990, 927]]"
000000273103.jpg,"[['tvmonitor', 81.93453550338745, 1022, 582, 656, 136], ['keyboard', 96.68906927108765, 624, 237, 1018, 771], ['bottle', 68.8257396221161, 1249, 1184, 747, 406], ['mouse', 99.84374642372131, 821, 708, 851, 766]]"
000000274085.jpg,"[['tvmonitor', 99.6829390525818, 1094, 647, 724, 206], ['laptop', 99.64890480041504, 665, 258, 775, 521], ['cup', 94.54476237297058, 312, 235, 711, 574], ['keyboard', 75.23138523101807, 836, 519, 851, 728], ['mouse', 93.59413385391235, 1008, 843, 929, 862]]"
000000275661.jpg,"[['tvmonitor', 98.86948466300964, 570, 283, 437, 131], ['keyboard', 99.82032179832458, 668, 332, 556, 418], ['chair', 84.60243940353394, 1541, 1325, 875, 354], ['book', 67.28130578994751, 997, 974, 169, 38], ['book', 62.560480833053596, 1031, 1003, 168, 39], ['book', 62.4414324760437, 1061, 1029, 168, 46], ['mouse', 82.8694999217987, 737, 671, 463, 429]]"
000000277161.jpg,"[['tvmonitor', 99.23118948936462, 988, 128, 711, 98], ['mouse', 83.06223154067995, 1205, 1073, 1049, 986]]"
000000277795.jpg,"[['tvmonitor', 98.96512627601624, 1012, 571, 639, 299], ['tvmonitor', 99.79705810546876, 1438, 1012, 656, 285], ['laptop', 99.82443451881409, 564, 61, 973, 541], ['keyboard', 98.47462773323059, 1488, 782, 1053, 917], ['pottedplant', 97.08876013755798, 834, 506, 451, 34], ['bottle', 99.22760725021362, 392, 314, 562, 399], ['cup', 98.6409842967987, 818, 728, 899, 768], ['mouse', 78.79753112792969, 1631, 1578, 1062, 962]]"
000000278752.jpg,"[['tvmonitor', 99.71926212310792, 1123, 745, 727, 368], ['keyboard', 98.59437346458435, 1132, 705, 939, 829], ['mouse', 88.93929719924927, 1302, 1224, 934, 877]]"
000000290420.jpg,"[['chair', 84.3099057674408, 738, 155, 1076, 695], ['tvmonitor', 95.7904815673828, 379, 188, 243, 72], ['tvmonitor', 98.7842321395874, 1069, 765, 827, 554], ['keyboard', 99.89851117134094, 1016, 694, 920, 804], ['book', 64.62929248809814, 429, 251, 441, 399], ['book', 72.21001386642456, 437, 245, 456, 420], ['mouse', 92.01538562774658, 1044, 993, 951, 906]]"
000000291039.jpg,"[['tvmonitor', 97.61934876441956, 757, 202, 609, 105], ['tvmonitor', 84.09793972969054, 1353, 776, 643, 133], ['keyboard', 99.46991801261902, 1320, 566, 968, 881], ['keyboard', 99.03744459152222, 1289, 583, 925, 850], ['mouse', 98.12610149383544, 791, 668, 764, 711], ['mouse', 99.54467415809631, 1508, 1371, 938, 854]]"
000000292558.jpg,"[['tvmonitor', 93.78273487091064, 1536, 892, 611, 191], ['tvmonitor', 99.89964962005615, 891, 177, 753, 134], ['keyboard', 99.91580843925476, 941, 381, 937, 750], ['mouse', 95.59482336044313, 1091, 999, 795, 701]]"
000000292741.jpg,"[['tvmonitor', 99.8555839061737, 1011, 371, 526, 87], ['mouse', 75.56633353233337, 633, 505, 828, 764]]"
000000295768.jpg,"[['tvmonitor', 99.69778060913086, 1349, 141, 736, 41], ['keyboard', 94.27803158760072, 1501, 727, 1067, 901], ['cell phone', 94.9215531349182, 723, 515, 957, 861]]"
000000299987.jpg,"[['tvmonitor', 96.03393077850342, 1076, 604, 461, 59], ['keyboard', 96.9423234462738, 1148, 328, 1030, 879], ['scissors', 68.21091175079346, 1385, 1312, 234, 44], ['bottle', 99.83770251274107, 887, 774, 761, 454], ['bottle', 64.14411664009093, 717, 659, 511, 406], ['mouse', 97.97462821006776, 1284, 1179, 959, 874]]"
000000303041.jpg,"[['tvmonitor', 98.48541617393494, 1574, 1102, 719, 119], ['laptop', 99.85640645027159, 1020, 401, 658, 288], ['keyboard', 99.21669960021973, 1372, 305, 936, 807], ['cup', 97.50013947486877, 1308, 1115, 780, 596]]"
000000308117.jpg,"[['tvmonitor', 99.34083819389343, 1187, 529, 650, 267], ['laptop', 71.4977204799652, 614, 136, 903, 799], ['keyboard', 99.59441423416138, 1111, 750, 880, 824], ['mouse', 61.519253253936775, 1181, 1115, 695, 656], ['mouse', 99.81493353843688, 1284, 1207, 878, 823]]"
000000310972.jpg,"[['tvmonitor', 99.55065250396729, 1528, 975, 902, 405], ['laptop', 99.8846173286438, 749, 140, 967, 633], ['keyboard', 99.04122948646544, 1546, 1014, 940, 890], ['mouse', 99.57576394081116, 878, 773, 928, 883]]"
000000310980.jpg,"[['tvmonitor', 73.41802716255187, 1508, 115, 965, 34], ['laptop', 98.90308976173401, 1543, 86, 1053, 87], ['teddy bear', 81.34220838546753, 1614, 857, 1095, 444]]"
000000313240.jpg,"[['book', 70.42223811149597, 646, 583, 577, 380], ['tvmonitor', 93.51296424865723, 1286, 923, 790, 446], ['cup', 69.44808959960939, 1411, 1320, 854, 726], ['keyboard', 94.75147128105164, 1381, 994, 919, 823], ['book', 63.00853490829468, 645, 619, 328, 147], ['book', 68.94288659095764, 672, 648, 332, 149], ['book', 66.19749665260315, 902, 875, 342, 141], ['book', 63.704878091812134, 933, 907, 355, 137], ['book', 72.7972090244293, 904, 721, 417, 394], ['book', 65.87901711463928, 384, 357, 546, 373], ['book', 60.87905764579773, 414, 389, 555, 366], ['book', 69.19399499893188, 912, 727, 480, 452], ['book', 73.70323538780212, 910, 727, 498, 468], ['book', 70.31376361846924, 917, 729, 536, 511], ['book', 63.68353962898254, 700, 502, 725, 689], ['mouse', 99.09828901290894, 1472, 1398, 946, 891]]"
000000328407.jpg,"[['tvmonitor', 99.66872334480286, 1291, 733, 487, 121], ['keyboard', 87.4116837978363, 1141, 530, 1075, 876], ['cup', 77.78600454330443, 272, 184, 766, 710]]"
000000329737.jpg,"[['tvmonitor', 87.61569261550903, 894, 156, 838, 120], ['keyboard', 98.59153032302856, 1235, 479, 905, 741]]"
000000341060.jpg,"[['laptop', 91.58551692962645, 1392, 348, 963, 154], ['diningtable', 86.23661994934082, 1455, 256, 1006, 279], ['chair', 67.96000599861145, 1276, 1005, 453, 45], ['chair', 68.43882203102112, 1666, 1467, 502, 31], ['chair', 76.13022327423096, 1645, 1488, 526, 223], ['cup', 93.70864629745485, 407, 228, 718, 456], ['cell phone', 97.18186855316162, 1611, 1500, 879, 751]]"
000000351159.jpg,"[['tvmonitor', 97.01746106147766, 1139, 519, 767, 213], ['keyboard', 99.91312623023987, 1281, 483, 1047, 853], ['cup', 92.42709279060364, 273, 137, 858, 619], ['mouse', 80.89863657951355, 1475, 1273, 972, 846], ['cell phone', 63.37786912918091, 329, 129, 974, 919]]"
000000353096.jpg,"[['tvmonitor', 98.84102344512941, 1263, 409, 724, 124], ['keyboard', 99.84274506568909, 1301, 409, 1028, 886], ['mouse', 99.63381290435792, 1581, 1435, 1013, 911]]"
000000360013.jpg,"[['laptop', 73.90463352203369, 1395, 865, 463, 245], ['sofa', 65.28565287590028, 1617, 120, 960, 173], ['laptop', 98.94670248031616, 660, 4, 845, 348], ['bed', 62.621819972991936, 1587, 115, 1071, 350], ['book', 93.163001537323, 933, 534, 983, 730], ['mouse', 80.42657375335693, 784, 686, 351, 286]]"
000000361527.jpg,"[['tvmonitor', 99.8475968837738, 1257, 444, 790, 40], ['keyboard', 99.9099850654602, 1240, 475, 1036, 865], ['mouse', 96.6792106628418, 1506, 1358, 1029, 909]]"
000000364444.jpg,"[['tvmonitor', 99.465149641037, 741, 162, 587, 238], ['laptop', 99.79197382926941, 736, 337, 894, 633], ['tvmonitor', 99.79448914527893, 1106, 841, 528, 315], ['tvmonitor', 98.37045073509216, 1550, 1197, 781, 435], ['keyboard', 99.54776167869568, 1220, 829, 821, 767], ['mouse', 88.18870782852173, 1502, 1390, 840, 790]]"
000000365512.jpg,"[['diningtable', 93.66586804389955, 1406, 85, 1052, 393], ['laptop', 99.75444078445436, 932, 600, 573, 211], ['cup', 99.68648552894592, 295, 164, 653, 465], ['mouse', 97.06245660781859, 1194, 1077, 840, 715]]"
000000367899.jpg,"[['tvmonitor', 99.62367415428162, 1155, 303, 804, 169], ['keyboard', 99.75061416625977, 780, 143, 999, 836], ['laptop', 89.66593146324158, 430, 30, 763, 654], ['mouse', 99.91832375526428, 1048, 904, 1035, 917]]"
000000374782.jpg,"[['tvmonitor', 99.765145778656, 1604, 828, 690, 106], ['laptop', 99.77880120277405, 1353, 755, 872, 652], ['keyboard', 95.52929401397705, 1154, 589, 1082, 865], ['mouse', 98.26076626777649, 1497, 1362, 897, 796]]"
000000377007.jpg,"[['tvmonitor', 99.2531418800354, 909, 516, 654, 322], ['tvmonitor', 99.44164156913756, 1500, 913, 730, 230], ['keyboard', 99.96196031570436, 1467, 711, 1074, 952], ['mouse', 99.96516704559326, 621, 502, 977, 898]]"
000000381261.jpg,"[['person', 60.76858639717102, 1169, 348, 726, 118], ['tvmonitor', 99.74746704101562, 1316, 331, 827, 116], ['keyboard', 99.28171038627623, 1274, 354, 981, 844], ['mouse', 99.52996373176576, 1522, 1378, 947, 846]]"
000000383250.jpg,"[['tvmonitor', 98.14761877059937, 1059, 648, 572, 270], ['laptop', 99.66675639152528, 583, 166, 721, 324], ['cup', 99.64914321899414, 993, 904, 691, 555], ['keyboard', 96.3796615600586, 1164, 586, 886, 798], ['mouse', 99.86863732337952, 1365, 1274, 915, 839]]"
000000384823.jpg,"[['chair', 99.1951823234558, 1144, 601, 1081, 807], ['tvmonitor', 99.67133402824402, 939, 687, 761, 550], ['keyboard', 99.67380166053772, 1015, 686, 876, 791], ['book', 68.65755915641786, 1358, 1325, 286, 140], ['book', 71.6607928276062, 1292, 1261, 463, 313], ['book', 70.85185647010803, 1321, 1292, 464, 314], ['book', 75.82502961158751, 1355, 1325, 468, 316], ['book', 78.13239693641663, 1390, 1358, 466, 317]]"
000000387748.jpg,"[['mouse', 98.16545844078064, 947, 846, 331, 139], ['cell phone', 90.19041061401369, 1671, 1384, 742, 480]]"
000000388707.jpg,"[['tvmonitor', 99.6164858341217, 1369, 928, 788, 164], ['keyboard', 99.90633726119995, 1047, 693, 893, 705], ['chair', 92.21956729888916, 859, 107, 1064, 774], ['book', 68.65521669387817, 441, 369, 452, 252], ['mouse', 99.8846709728241, 1086, 928, 936, 881]]"
000000390311.jpg,"[['tvmonitor', 99.73039627075195, 843, 483, 646, 325], ['keyboard', 99.77198243141174, 1119, 852, 859, 732], ['mouse', 98.90096187591551, 1211, 1109, 735, 678]]"
000000398567.jpg,"[['tvmonitor', 99.47827458381651, 879, 441, 409, 73], ['keyboard', 99.7559905052185, 692, 187, 785, 606], ['cell phone', 81.86732530593872, 1275, 1141, 675, 614], ['mouse', 98.29749464988708, 767, 687, 753, 668], ['book', 70.20199894905089, 1236, 1069, 1024, 956]]"
000000400623.jpg,"[['tvmonitor', 99.92944002151488, 1046, 648, 735, 348], ['keyboard', 99.91771578788756, 1059, 520, 943, 724], ['mouse', 98.89950752258301, 1124, 1037, 761, 691]]"
000000402364.jpg,"[['tvmonitor', 99.81567859649658, 1136, 563, 655, 148], ['keyboard', 99.37431812286377, 940, 203, 899, 728], ['mouse', 97.1808135509491, 1404, 1225, 961, 850]]"
000000403107.jpg,"[['tvmonitor', 99.74377155303956, 1613, 866, 787, 83], ['laptop', 97.81575202941895, 906, 107, 995, 119], ['keyboard', 73.74512553215027, 1324, 559, 1089, 908], ['car', 62.972092628479004, 316, 160, 159, 104]]"
000000403317.jpg,"[['clock', 95.17154097557068, 1613, 573, 683, 38], ['keyboard', 88.27627897262573, 620, 57, 922, 784], ['mouse', 99.78354573249815, 782, 521, 1012, 906]]"
000000406242.jpg,"[['tvmonitor', 99.61302876472472, 804, 288, 702, 209], ['tvmonitor', 99.43458437919615, 1434, 836, 784, 231], ['keyboard', 99.61381554603577, 1235, 505, 936, 823], ['mouse', 99.366295337677, 1545, 1416, 896, 811]]"
000000408258.jpg,"[['tvmonitor', 99.92499947547913, 1311, 106, 841, -11], ['keyboard', 99.87081289291382, 1391, 504, 1094, 890]]"
000000416002.jpg,"[['tvmonitor', 99.28342700004578, 892, 374, 629, 215], ['tvmonitor', 99.54707622528076, 1342, 905, 633, 297], ['keyboard', 99.94781613349916, 941, 505, 772, 694], ['mouse', 99.93827939033508, 1062, 970, 726, 667]]"
000000416815.jpg,"[['tvmonitor', 99.92673993110657, 796, 252, 763, 348], ['tvmonitor', 99.90789890289308, 1518, 837, 835, 456], ['person', 71.75006866455078, 1252, 1117, 602, 494], ['keyboard', 99.86510276794434, 766, 214, 962, 886], ['cell phone', 90.323007106781, 778, 713, 844, 726], ['remote', 91.76897406578064, 1200, 1086, 935, 840], ['mouse', 99.61027503013612, 1030, 929, 942, 865]]"
000000417373.jpg,"[['tvmonitor', 96.7355489730835, 1348, 919, 299, 100], ['tvmonitor', 97.89530038833618, 1142, 784, 742, 377], ['chair', 67.93962121009828, 1643, 1175, 947, 380], ['tvmonitor', 97.49873876571657, 796, 567, 333, 160], ['keyboard', 99.47028756141664, 1059, 725, 829, 683], ['mouse', 97.50872850418092, 1180, 1089, 988, 878]]"
000000424146.jpg,"[['tvmonitor', 98.36938977241516, 796, 305, 837, 370], ['chair', 94.85394954681395, 1544, 1158, 1108, 922], ['chair', 98.91184568405151, 959, 476, 1073, 948], ['tvmonitor', 98.78525137901306, 1160, 828, 675, 406], ['tvmonitor', 99.34585094451904, 1540, 1222, 680, 387], ['keyboard', 99.14891719818115, 1156, 833, 752, 687], ['mouse', 70.39707899093628, 1275, 1157, 742, 693], ['cell phone', 91.59181714057922, 1128, 996, 780, 748]]"
000000425359.jpg,"[['chair', 99.92768168449402, 1644, 815, 1098, 554], ['book', 63.48651647567749, 465, 371, 238, 9], ['book', 64.14170265197754, 527, 440, 233, 13], ['book', 61.5462601184845, 651, 571, 206, 17], ['book', 69.27928924560547, 273, 169, 269, 26], ['book', 77.70469784736632, 333, 242, 264, 28], ['book', 62.612032890319824, 401, 305, 252, 26], ['book', 88.23623657226562, 480, 332, 490, 323], ['book', 81.12794160842896, 280, 196, 539, 320], ['book', 90.67668914794922, 324, 235, 542, 318], ['tvmonitor', 99.78958368301392, 830, 490, 666, 313], ['keyboard', 99.44727420806885, 930, 699, 798, 648], ['mouse', 83.49953889846802, 1057, 985, 636, 587]]"
000000425899.jpg,"[['tvmonitor', 98.96458983421326, 1157, 627, 867, 418], ['laptop', 62.02874183654785, 1287, 906, 1060, 878], ['keyboard', 94.37375664711, 1260, 964, 1029, 929], ['chair', 81.80192708969115, 1646, 1352, 1077, 992], ['mouse', 99.46725368499756, 1294, 1204, 908, 860], ['mouse', 71.25076055526732, 836, 766, 934, 876]]"
000000431671.jpg,"[['tvmonitor', 99.4377613067627, 1529, 949, 594, 130], ['keyboard', 98.08191657066344, 1526, 1106, 764, 578], ['cup', 99.57870244979858, 1543, 1382, 851, 680]]"
000000433505.jpg,"[['tvmonitor', 98.48957657814026, 1111, 543, 551, 80], ['keyboard', 98.73274564743042, 1199, 479, 925, 795], ['cell phone', 85.68708300590517, 1039, 955, 616, 471], ['bottle', 97.9207456111908, 446, 338, 787, 509], ['mouse', 99.95225667953493, 1331, 1212, 916, 806]]"
000000439333.jpg,"[['tvmonitor', 93.980872631073, 1147, 486, 626, 124], ['keyboard', 92.33039617538452, 1150, 528, 917, 795], ['book', 69.19935345649718, 271, 218, 209, 97], ['book', 66.42665863037111, 171, 115, 230, 102], ['mouse', 89.89586234092712, 830, 712, 952, 878]]"
000000441296.jpg,"[['tvmonitor', 99.65425729751587, 1426, 1040, 670, 330], ['keyboard', 99.82323050498962, 1306, 798, 878, 703], ['tvmonitor', 72.00380563735963, 1550, 1336, 157, 29], ['tvmonitor', 98.79168272018431, 972, 629, 600, 278], ['mouse', 81.61402344703673, 1331, 1237, 1065, 950], ['keyboard', 74.11482930183409, 1538, 1338, 211, 170]]"
000000446088.jpg,"[['book', 65.07655978202821, 1437, 198, 241, 42], ['tvmonitor', 88.86212110519409, 1142, 573, 484, 189], ['book', 76.84633731842041, 283, 166, 241, 2], ['book', 80.48322200775145, 457, 363, 248, 6], ['book', 60.13000011444092, 1293, 1208, 253, 32], ['book', 80.4274618625641, 346, 253, 250, 22], ['book', 92.60482788085938, 521, 454, 250, 47], ['book', 70.46010494232178, 587, 509, 244, 51], ['laptop', 98.83188605308531, 996, 665, 837, 477], ['cup', 99.59912896156312, 519, 403, 771, 614], ['book', 85.49034595489502, 753, 700, 140, 11], ['book', 81.15686774253845, 816, 755, 145, 13], ['book', 60.254210233688354, 855, 809, 143, 15], ['book', 72.84873723983766, 915, 860, 147, 10], ['book', 84.99279022216797, 946, 893, 143, 15], ['cell phone', 96.57309055328369, 1315, 1236, 793, 704]]"
000000447633.jpg,"[['keyboard', 84.66086387634276, 1301, 827, 947, 817], ['tvmonitor', 86.1449658870697, 1251, 956, 796, 431], ['keyboard', 95.41243314743042, 1253, 839, 895, 795], ['mouse', 82.65196084976195, 1432, 1290, 914, 848]]"
000000450330.jpg,"[['tvmonitor', 99.59565997123718, 993, 455, 515, 63], ['cup', 62.0561420917511, 291, 189, 686, 558], ['keyboard', 98.95521998405457, 974, 464, 777, 676], ['mouse', 99.69756603240968, 1159, 1081, 753, 681]]"
000000451053.jpg,"[['tvmonitor', 99.2864191532135, 1258, 746, 573, 75], ['book', 77.17661261558533, 272, 144, 348, 199], ['cup', 81.64664506912231, 467, 363, 486, 364], ['mouse', 96.4643895626068, 1148, 1034, 1057, 901]]"
000000455020.jpg,"[['tvmonitor', 98.7262725830078, 902, 294, 875, 49], ['keyboard', 99.36402440071106, 1178, 683, 1105, 748], ['mouse', 99.76269006729126, 1235, 1075, 720, 649]]"
000000459428.jpg,"[['tvmonitor', 99.88348484039308, 1064, 508, 538, 159], ['keyboard', 99.96775984764099, 963, 291, 849, 675], ['mouse', 72.19026684761046, 274, 172, 895, 765]]"
000000459440.jpg,"[['cell phone', 94.83444690704346, 864, 532, 343, 188], ['keyboard', 98.64966869354248, 1542, 1249, 598, 250], ['mouse', 99.68905448913574, 1244, 1037, 815, 508]]"
000000461428.jpg,"[['tvmonitor', 99.39436316490172, 853, 414, 674, 210], ['keyboard', 99.40735101699828, 916, 324, 856, 699], ['mouse', 99.75159168243408, 1038, 942, 872, 780]]"
000000464494.jpg,"[['tvmonitor', 96.80379629135132, 1210, 776, 645, 332], ['laptop', 99.81443285942078, 602, 94, 936, 351], ['keyboard', 82.69585967063905, 1540, 869, 892, 698]]"
000000466136.jpg,"[['pottedplant', 81.47164583206177, 1685, 1331, 778, 249], ['keyboard', 95.04759311676024, 1280, 825, 928, 691], ['book', 87.26369738578795, 958, 754, 611, 368], ['laptop', 97.62283563613892, 664, 333, 966, 622], ['mouse', 97.34796285629272, 1437, 1367, 853, 726]]"
000000472639.jpg,"[['tvmonitor', 99.85896944999695, 1139, 599, 614, 193], ['tvmonitor', 82.72581100463867, 620, 184, 693, 329], ['keyboard', 97.75226712226869, 1108, 598, 971, 866], ['mouse', 99.74251985549928, 1233, 1152, 970, 885]]"
000000484075.jpg,"[['tvmonitor', 98.98556470870972, 848, 423, 506, 144], ['keyboard', 98.43003153800964, 1016, 515, 971, 839], ['bottle', 98.89233708381651, 473, 387, 646, 442], ['mouse', 80.54828047752379, 1181, 1054, 964, 852]]"
000000487002.jpg,"[['teddy bear', 99.29548501968384, 1215, 521, 1118, 217], ['laptop', 98.18253517150879, 1573, 1039, 1098, 343], ['book', 62.001734972000115, 626, 224, 264, 200], ['book', 68.39332580566406, 602, 211, 299, 240]]"
000000487825.jpg,"[['tvmonitor', 67.77596473693848, 817, 360, 541, 233], ['keyboard', 99.16585087776184, 711, 378, 915, 812], ['mouse', 98.91276955604552, 881, 814, 899, 808]]"
000000489645.jpg,"[['tvmonitor', 95.25519609451294, 1046, 610, 696, 394], ['keyboard', 99.24508929252623, 983, 637, 793, 728], ['mouse', 99.3441641330719, 1122, 1060, 781, 731]]"
000000489949.jpg,"[['tvmonitor', 98.83067011833192, 1048, 485, 666, 283], ['keyboard', 99.74992871284485, 1063, 367, 836, 695], ['mouse', 98.15544486045836, 1304, 1204, 816, 728]]"
000000490311.jpg,"[['tvmonitor', 84.23070311546327, 1165, 658, 803, 293], ['keyboard', 80.70960044860841, 1180, 584, 1070, 870], ['mouse', 99.8934268951416, 1330, 1228, 1043, 903]]"
000000491851.jpg,"[['tvmonitor', 96.71506881713869, 1139, 694, 570, 232], ['keyboard', 99.73596334457396, 996, 522, 905, 701], ['cup', 82.0484459400177, 1520, 1410, 962, 830], ['cell phone', 88.90357613563538, 607, 528, 683, 613], ['mouse', 98.37868809700012, 1109, 1030, 948, 837]]"
000000492243.jpg,"[['tvmonitor', 99.80581402778624, 1144, 432, 700, 221], ['keyboard', 99.91329908370972, 815, 366, 798, 715], ['book', 86.12989783287048, 1299, 984, 893, 822], ['book', 70.06025314331055, 1310, 967, 924, 859], ['book', 60.960566997528076, 1307, 983, 974, 898], ['mouse', 99.56203103065492, 973, 905, 777, 731]]"
000000498768.jpg,"[['chair', 95.3035831451416, 571, 115, 1044, 473], ['tvmonitor', 99.60862994194031, 1061, 855, 720, 481], ['pottedplant', 94.22871470451356, 1248, 1113, 773, 595], ['pottedplant', 63.14734816551209, 1377, 1278, 901, 634], ['keyboard', 98.88802766799928, 925, 609, 845, 774], ['book', 86.09617948532104, 1454, 1110, 992, 884], ['mouse', 84.91824269294739, 1030, 931, 853, 808]]"
000000499842.jpg,"[['tvmonitor', 98.63564372062685, 926, 391, 583, 178], ['laptop', 98.73850345611572, 1347, 994, 524, 301], ['keyboard', 99.95045065879822, 1230, 603, 1005, 841], ['mouse', 99.32641983032228, 548, 435, 974, 875]]"
000000503826.jpg,"[['tvmonitor', 99.7508704662323, 1304, 701, 701, 310], ['keyboard', 99.63908195495605, 1271, 675, 919, 761], ['mouse', 79.9489378929138, 1429, 1306, 885, 798], ['mouse', 98.94701838493349, 1482, 1349, 980, 900]]"
000000510028.jpg,"[['tvmonitor', 99.63016510009766, 901, 527, 634, 262], ['keyboard', 99.6020257472992, 1230, 910, 873, 719], ['cell phone', 65.86964130401611, 1030, 981, 528, 431], ['mouse', 97.94129729270935, 1289, 1153, 730, 661]]"
000000510456.jpg,"[['chair', 64.05299901962279, 838, 378, 1080, 873], ['laptop', 98.6217200756073, 821, 545, 443, 198]]"
000000512240.jpg,"[['tvmonitor', 97.78908491134644, 1594, 1234, 767, 512], ['chair', 99.2038071155548, 1485, 966, 1101, 662], ['person', 85.16200780868529, 1557, 1267, 692, 495], ['keyboard', 98.42642545700072, 1628, 1312, 933, 871], ['bottle', 62.99017667770386, 812, 765, 808, 675], ['keyboard', 87.02577352523805, 1629, 1303, 900, 861]]"
000000514156.jpg,"[['tvmonitor', 95.69939970970154, 684, 50, 688, 268], ['tvmonitor', 99.96278882026672, 1504, 798, 794, 160], ['keyboard', 99.86110329627992, 1392, 822, 878, 800], ['mouse', 99.7739553451538, 1543, 1439, 875, 811]]"
000000523322.jpg,"[['keyboard', 99.73781704902649, 1539, 1123, 998, 614], ['backpack', 79.10945415496826, 622, 263, 981, 694], ['bottle', 97.38094806671144, 1139, 1067, 436, 235], ['book', 66.2006974220276, 858, 646, 448, 335], ['tvmonitor', 99.35821294784546, 1552, 1304, 675, 318], ['cup', 96.59311175346376, 1101, 984, 646, 529]]"
000000523919.jpg,"[['tvmonitor', 99.46852326393127, 696, 213, 525, 41], ['keyboard', 87.62375116348267, 1013, 337, 1083, 814], ['bottle', 96.737802028656, 1541, 1330, 922, 542], ['mouse', 99.90369081497192, 1153, 1008, 1049, 923], ['mouse', 96.02421522140504, 333, 257, 592, 528]]"
000000525176.jpg,"[['tvmonitor', 98.12284111976624, 1053, 659, 473, 166], ['keyboard', 99.45443868637085, 597, 134, 831, 552], ['mouse', 98.9162027835846, 798, 697, 683, 613]]"
000000526321.jpg,"[['tvmonitor', 98.76188635826112, 1448, 936, 608, 279], ['laptop', 99.86950755119324, 829, 413, 842, 528], ['keyboard', 99.03980493545531, 1287, 616, 1060, 903], ['keyboard', 61.32351160049439, 811, 445, 801, 734], ['cell phone', 81.36032819747925, 884, 825, 767, 653], ['mouse', 99.41902160644531, 1383, 1271, 947, 894]]"
000000526467.jpg,"[['laptop', 99.95682835578918, 1145, 594, 684, 217], ['keyboard', 97.51030802726746, 1261, 506, 936, 801], ['mouse', 99.7934877872467, 407, 263, 903, 800]]"
000000526896.jpg,"[['bed', 99.79829788208008, 810, 35, 1075, 390], ['chair', 88.28763365745544, 1471, 1043, 1108, 661], ['tvmonitor', 99.63350892066956, 1637, 1314, 606, 292], ['keyboard', 99.57677125930786, 1580, 1280, 730, 608], ['book', 63.62617611885071, 931, 912, 357, 302]]"
000000527497.jpg,"[['tvmonitor', 98.9985466003418, 609, 183, 680, 303], ['tvmonitor', 99.0284264087677, 1062, 599, 715, 311], ['keyboard', 99.5080828666687, 793, 173, 810, 719], ['mouse', 92.67203807830809, 984, 899, 806, 743]]"
000000528311.jpg,"[['tvmonitor', 99.48863387107849, 956, 697, 554, 337], ['keyboard', 99.40692186355592, 1145, 780, 777, 713], ['cup', 99.01161789894104, 756, 684, 757, 665], ['mouse', 87.31172680854797, 1181, 1106, 832, 779]]"
000000530002.jpg,"[['tvmonitor', 99.89655613899231, 1441, 1072, 769, 248], ['chair', 92.86121129989624, 782, 39, 1058, 474], ['laptop', 81.46100640296936, 950, 651, 578, 475], ['keyboard', 99.02359247207642, 1020, 775, 811, 653], ['mouse', 94.42274570465088, 1127, 991, 910, 840]]"
000000533949.jpg,"[['laptop', 95.5410659313202, 1124, 355, 748, 90], ['bottle', 67.83266067504883, 1252, 1155, 683, 448], ['bottle', 87.1777594089508, 1297, 1219, 686, 465], ['bottle', 90.68320989608765, 1356, 1267, 736, 558], ['mouse', 91.16095304489136, 1341, 1230, 853, 752]]"
000000534081.jpg,"[['tvmonitor', 63.55106234550476, 858, 467, 513, 165], ['tvmonitor', 96.78311347961426, 1511, 848, 579, 126], ['laptop', 99.59258437156677, 857, 420, 575, 158], ['keyboard', 99.8660445213318, 958, 577, 841, 764], ['mouse', 82.7961266040802, 1238, 1130, 835, 758]]"
000000539056.jpg,"[['laptop', 99.9509334564209, 1154, 498, 589, 264], ['keyboard', 99.00414943695068, 1021, 488, 913, 683], ['book', 88.37764263153076, 1439, 1350, 308, 128], ['book', 76.37709379196167, 1501, 1409, 306, 132], ['cup', 98.63453507423401, 411, 245, 635, 366], ['cell phone', 96.86493277549744, 1327, 1209, 632, 522], ['mouse', 98.53621125221252, 1410, 1272, 862, 707]]"
000000543183.jpg,"[['keyboard', 93.00395846366881, 573, 148, 451, 153], ['laptop', 99.37410950660706, 1292, 554, 990, 113], ['mouse', 98.65814447402954, 1467, 1306, 858, 676]]"
000000543994.jpg,"[['tvmonitor', 97.92906641960144, 1214, 544, 706, 64], ['keyboard', 99.76099729537964, 1324, 534, 888, 771], ['mouse', 78.61566543579102, 1556, 1376, 861, 773]]"
000000561660.jpg,"[['tvmonitor', 87.44139075279236, 1199, 535, 151, 39], ['keyboard', 99.722558259964, 1299, 470, 398, 216], ['mouse', 99.83485341072084, 361, 227, 381, 223], ['cell phone', 98.74514937400818, 425, 291, 1005, 771], ['cell phone', 97.59504199028015, 1030, 933, 989, 813], ['cell phone', 92.61231422424316, 601, 466, 1010, 800]]"
000000565034.jpg,"[['tvmonitor', 93.50467324256896, 1087, 554, 537, 148], ['keyboard', 99.87730979919434, 1072, 549, 781, 681], ['mouse', 99.9261736869812, 1365, 1245, 796, 684]]"
000000567686.jpg,"[['keyboard', 98.32063317298888, 753, 110, 404, 145], ['cup', 85.10466217994691, 1537, 1374, 375, 111], ['mouse', 99.72344040870668, 945, 753, 493, 316]]"
000000570141.jpg,"[['tvmonitor', 99.07774329185486, 1034, 644, 881, 531], ['keyboard', 99.55010414123535, 1111, 623, 1010, 911], ['mouse', 99.559223651886, 1249, 1169, 1016, 955], ['mouse', 76.48618221282959, 1408, 1341, 1041, 977]]"
000000573749.jpg,"[['tvmonitor', 98.4720528125763, 937, 446, 464, 63], ['keyboard', 95.00839710235596, 1314, 626, 995, 778], ['remote', 97.69433736801149, 1610, 1266, 1040, 827]]"
000000578324.jpg,"[['tvmonitor', 99.91500973701477, 1102, 503, 628, 211], ['keyboard', 99.46897625923157, 1066, 466, 874, 736], ['mouse', 99.74414706230164, 1383, 1228, 822, 753]]"
000000578751.jpg,"[['tvmonitor', 99.3556022644043, 1322, 1055, 766, 522], ['keyboard', 95.18135190010072, 1315, 1025, 817, 727], ['mouse', 98.85289072990416, 1330, 1267, 840, 801]]"
