000000000939.jpg,"[['sink', 81.4525306224823, 880, 332, 1079, 884], ['tvmonitor', 98.20526838302612, 1446, 1162, 338, 75], ['sink', 87.18771934509277, 1198, 897, 871, 741]]"
000000002347.jpg,"[['chair', 98.11287522315979, 631, 124, 933, 430], ['sofa', 91.81575179100037, 1538, 856, 1075, 604], ['tvmonitor', 99.90025162696838, 1402, 1165, 555, 343]]"
000000003877.jpg,"[['tvmonitor', 99.82695579528809, 1554, 1182, 447, 229], ['book', 66.17883443832396, 425, 246, 610, 497], ['chair', 72.60168194770812, 1559, 1428, 1032, 609], ['chair', 99.53314065933228, 990, 744, 1040, 670], ['book', 72.63647317886354, 192, 159, 788, 643], ['book', 74.64923858642578, 227, 195, 786, 648], ['book', 65.63032865524292, 252, 222, 780, 653]]"
000000004761.jpg,"[['pottedplant', 99.0675151348114, 539, 195, 550, 305], ['chair', 99.53019618988036, 1539, 1127, 1072, 395], ['tvmonitor', 99.40049052238464, 801, 541, 383, 105], ['book', 91.79672002792358, 610, 380, 618, 508], ['book', 64.49326872825623, 710, 480, 689, 603], ['mouse', 79.75866794586182, 874, 813, 445, 413]]"
000000006725.jpg,"[['chair', 99.74239468574524, 1001, 387, 1075, 453], ['tvmonitor', 94.81468200683594, 1350, 1028, 603, 318], ['laptop', 99.79758262634277, 1029, 759, 635, 411], ['keyboard', 98.81566762924194, 1142, 824, 732, 653], ['mouse', 86.90035343170166, 1160, 1111, 642, 599], ['mouse', 80.70005774497986, 1402, 1327, 747, 693]]"
000000008064.jpg,"[['diningtable', 72.26132750511171, 791, 148, 1059, 863], ['chair', 93.71964931488036, 854, 501, 1075, 843], ['tvmonitor', 98.90124797821044, 613, 479, 592, 413], ['chair', 68.06477308273314, 1199, 1110, 704, 518], ['chair', 97.3971426486969, 1362, 1251, 723, 516], ['chair', 92.78895258903505, 860, 761, 854, 693]]"
000000012983.jpg,"[['sofa', 98.13156127929688, 1596, 789, 1109, 740], ['tvmonitor', 99.8544692993164, 679, 391, 903, 642], ['remote', 66.00950956344603, 815, 762, 756, 743]]"
000000019022.jpg,"[['tvmonitor', 99.78588819503784, 1495, 1071, 729, 402], ['refrigerator', 94.24586296081543, 610, 460, 793, 472], ['chair', 77.84896492958069, 184, 35, 1002, 586], ['chair', 99.73268508911131, 387, 169, 987, 602]]"
000000025388.jpg,"[['sofa', 97.61794805526732, 1426, 656, 883, 629], ['tvmonitor', 98.65946769714355, 611, 367, 751, 539], ['vase', 92.72896647453308, 1042, 967, 822, 720]]"
000000030947.jpg,"[['tvmonitor', 99.71402883529665, 1472, 1043, 538, 197], ['keyboard', 99.76725578308105, 1452, 839, 773, 571], ['book', 62.11938261985779, 489, 127, 768, 594], ['book', 69.71907019615172, 222, 144, 561, 306], ['book', 64.74865078926085, 255, 180, 558, 307], ['book', 77.00516581535341, 327, 253, 554, 303], ['book', 70.65667510032655, 393, 319, 555, 305], ['bottle', 85.94664931297302, 1533, 1452, 650, 452], ['mouse', 88.24630975723267, 1523, 1422, 761, 634], ['remote', 78.94538640975951, 536, 444, 865, 706]]"
000000033204.jpg,"[['sofa', 98.55501651763916, 1678, 1276, 1100, 775], ['tvmonitor', 96.45718336105348, 1369, 1180, 514, 384], ['chair', 85.10662317276002, 1038, 776, 891, 651], ['chair', 92.13011860847472, 815, 456, 1036, 730]]"
000000035696.jpg,"[['tvmonitor', 99.95387196540831, 445, 131, 753, 435], ['sofa', 93.20796728134157, 1539, 1277, 1080, 719], ['bottle', 89.2568051815033, 1181, 1099, 1076, 943], ['book', 60.09489297866821, 904, 829, 553, 540]]"
000000039963.jpg,"[['bed', 98.36595058441162, 1619, 648, 1093, 862], ['tvmonitor', 91.35152101516724, 613, 367, 690, 423], ['keyboard', 81.30409121513368, 639, 417, 715, 674]]"
000000042748.jpg,"[['tvmonitor', 99.86230731010436, 667, 294, 642, 326], ['bed', 73.8687515258789, 1558, 123, 1079, 742]]"
000000044263.jpg,"[['pottedplant', 72.32339382171631, 971, 804, 717, 417], ['tvmonitor', 88.27053904533386, 1483, 1197, 803, 527], ['laptop', 88.5340690612793, 1550, 1254, 947, 698]]"
000000045063.jpg,"[['tvmonitor', 99.23759698867798, 414, 121, 605, 248], ['bottle', 85.25414466857909, 1289, 1197, 945, 752]]"
000000046071.jpg,"[['chair', 98.6122190952301, 472, 104, 954, 393], ['tvmonitor', 99.93532299995422, 888, 651, 345, 155], ['microwave', 98.54188561439514, 580, 347, 468, 343], ['chair', 74.91487860679626, 1543, 1363, 1081, 756], ['bottle', 69.14862394332886, 422, 380, 338, 219], ['vase', 68.292236328125, 422, 380, 338, 219]]"
000000048001.jpg,"[['tvmonitor', 99.88081455230713, 601, 249, 861, 577], ['diningtable', 62.79639005661011, 1554, 1123, 904, 623], ['chair', 98.78902435302734, 1223, 902, 985, 575], ['vase', 97.05421924591064, 1463, 1414, 646, 550], ['remote', 87.53332495689392, 739, 634, 818, 785]]"
000000048939.jpg,"[['refrigerator', 99.68311190605164, 473, 180, 963, 292], ['tvmonitor', 99.68329668045044, 1364, 1080, 357, 150], ['microwave', 94.30890679359436, 776, 576, 410, 294], ['chair', 95.90865969657898, 1075, 946, 807, 499], ['chair', 98.92944097518921, 1208, 1054, 867, 512], ['chair', 99.75357055664062, 1523, 1289, 870, 538], ['sink', 82.52021670341493, 612, 458, 573, 548]]"
000000049860.jpg,"[['tvmonitor', 99.33022260665894, 1169, 787, 404, 45], ['sports ball', 98.24382662773131, 803, 261, 1066, 583], ['cup', 88.34840059280396, 1303, 1193, 556, 361], ['backpack', 75.84595680236815, 459, 239, 739, 500], ['book', 63.89200687408447, 386, 356, 351, 237], ['mouse', 67.99961328506471, 1205, 1106, 467, 411]]"
000000051639.jpg,"[['tvmonitor', 99.6116042137146, 1417, 1045, 610, 334], ['chair', 64.10951018333435, 879, 184, 895, 492]]"
000000052153.jpg,"[['tvmonitor', 99.62705373764038, 659, 437, 995, 821], ['vase', 68.95995140075685, 1110, 1063, 674, 591], ['vase', 68.00076365470886, 1162, 1133, 677, 628]]"
000000052282.jpg,"[['bicycle', 99.86225962638856, 1469, 896, 890, 572], ['tvmonitor', 99.15499687194824, 587, 340, 718, 520], ['remote', 91.31935238838196, 1078, 980, 998, 958]]"
000000053361.jpg,"[['bed', 93.20347905158995, 726, 136, 1027, 598], ['tvmonitor', 99.65207576751708, 1544, 1339, 558, 387], ['chair', 94.6186065673828, 1249, 1119, 685, 482]]"
000000054013.jpg,"[['chair', 95.15008330345154, 1164, 776, 972, 634], ['sofa', 63.082003593444824, 1129, 787, 978, 615], ['vase', 91.06491208076477, 352, 270, 998, 835], ['wine glass', 92.06635355949402, 435, 355, 958, 854]]"
000000056896.jpg,"[['tvmonitor', 99.5660662651062, 480, 62, 1059, 720], ['pottedplant', 97.03288078308105, 1019, 829, 937, 700]]"
000000061911.jpg,"[['sofa', 98.4201967716217, 1525, 770, 1028, 493], ['tvmonitor', 99.82727766036987, 642, 414, 462, 236], ['sofa', 95.44074535369872, 308, 45, 743, 428], ['chair', 80.24744391441345, 290, 40, 1038, 710]]"
000000062311.jpg,"[['tvmonitor', 87.5970721244812, 582, 138, 887, 565], ['clock', 89.87667560577394, 821, 710, 436, 290]]"
000000062376.jpg,"[['chair', 92.79710650444031, 1262, 734, 1100, 633], ['chair', 65.72564244270325, 520, 270, 257, 23], ['tvmonitor', 99.74897503852844, 536, 266, 803, 317], ['keyboard', 99.5345950126648, 799, 562, 950, 668], ['mouse', 99.57699179649352, 840, 740, 687, 618]]"
000000066192.jpg,"[['chair', 99.9307096004486, 993, 219, 1049, 588], ['tvmonitor', 98.4277606010437, 926, 651, 369, 139], ['keyboard', 99.91816878318787, 1030, 635, 499, 413], ['mouse', 77.76939868927002, 1011, 947, 416, 372]]"
000000066696.jpg,"[['tvmonitor', 99.58049058914185, 616, 268, 667, 427], ['sofa', 99.11342263221741, 1601, 1054, 1108, 652], ['remote', 74.54172968864441, 1011, 935, 755, 736]]"
000000068235.jpg,"[['tvmonitor', 99.89308714866638, 497, 230, 723, 561], ['refrigerator', 73.65033030509949, 1518, 1275, 881, 499], ['chair', 97.86900281906128, 972, 714, 984, 642]]"
000000069209.jpg,"[['tvmonitor', 98.158061504364, 1452, 1148, 794, 518]]"
000000069653.jpg,"[['tvmonitor', 99.47402477264404, 1405, 1024, 729, 377], ['bed', 93.07310581207277, 1223, 178, 1078, 682]]"
000000071631.jpg,"[['sofa', 76.13087296485902, 675, 39, 725, 498], ['diningtable', 99.68134760856628, 1356, 2, 1079, 651], ['tvmonitor', 99.45799708366394, 504, 291, 437, 288], ['chair', 98.14982414245605, 906, 667, 676, 540], ['chair', 71.39889597892761, 277, 46, 801, 520], ['vase', 97.98426032066344, 685, 600, 844, 660], ['chair', 99.76360201835631, 1569, 1242, 1078, 647]]"
000000076103.jpg,"[['bed', 99.04868602752686, 1638, 719, 1089, 418], ['tvmonitor', 99.83209371566772, 428, 254, 441, 170], ['vase', 60.69372892379761, 478, 438, 649, 603]]"
000000078085.jpg,"[['tvmonitor', 96.31207585334778, 932, 534, 384, 93], ['tvmonitor', 99.56604838371277, 1302, 910, 448, 112], ['laptop', 99.93338584899902, 670, 263, 636, 270], ['chair', 96.86469435691832, 1250, 113, 1077, 948], ['keyboard', 79.41314578056334, 620, 347, 574, 450], ['keyboard', 99.98732805252077, 1062, 658, 659, 570], ['mouse', 99.14485812187195, 1191, 1129, 694, 639]]"
000000078274.jpg,"[['sofa', 87.72732615470886, 596, 9, 1023, 653], ['tvmonitor', 99.74152445793152, 1683, 1314, 721, 346]]"
000000079472.jpg,"[['tvmonitor', 99.0339994430542, 1438, 1051, 673, 384], ['laptop', 99.68810081481934, 1099, 724, 857, 502], ['cell phone', 79.49628829956055, 888, 835, 381, 268], ['mouse', 99.05797839164734, 1198, 1117, 806, 720]]"
000000080397.jpg,"[['bed', 90.27678966522215, 1646, 1176, 1068, 751], ['tvmonitor', 97.16721773147584, 1141, 999, 569, 396], ['chair', 98.4899640083313, 633, 296, 1007, 649], ['bottle', 93.4592068195343, 553, 507, 674, 535]]"
000000082122.jpg,"[['refrigerator', 96.42080068588257, 1589, 1288, 1086, 231], ['diningtable', 96.43574357032776, 778, 379, 1075, 610], ['pottedplant', 78.7486970424652, 1379, 1249, 158, 47], ['tvmonitor', 99.53267574310304, 744, 521, 279, 115], ['microwave', 79.94238138198854, 1346, 1222, 563, 449], ['chair', 96.79760336875916, 449, 276, 984, 544], ['chair', 99.87606406211852, 954, 699, 1011, 585], ['chair', 99.8145043849945, 710, 411, 1059, 614], ['vase', 62.98852562904358, 1126, 1062, 103, 35], ['sink', 66.74891710281372, 1173, 999, 553, 532]]"
000000085856.jpg,"[['sofa', 98.18962216377258, 987, 287, 770, 499], ['pottedplant', 67.54920482635498, 1176, 1052, 514, 362], ['tvmonitor', 98.45095872879028, 1533, 1355, 713, 555]]"
000000085940.jpg,"[['tvmonitor', 99.86612200737, 586, 172, 696, 315], ['oven', 99.2473840713501, 1216, 622, 1090, 566], ['sink', 82.44887590408325, 1530, 1356, 684, 579]]"
000000086650.jpg,"[['diningtable', 73.56719374656676, 764, 201, 1057, 540], ['chair', 98.03397655487059, 712, 394, 1017, 584], ['book', 61.10084652900696, 1373, 1222, 613, 574], ['book', 63.38152289390564, 1350, 1211, 668, 635], ['book', 71.77058458328247, 1458, 1362, 818, 769], ['book', 65.5380368232727, 1540, 1422, 920, 869], ['book', 69.90466117858887, 1538, 1415, 942, 893], ['book', 68.57719421386719, 1536, 1407, 961, 909]]"
000000088925.jpg,"[['sofa', 99.22447204589844, 1640, 905, 1102, 846], ['tvmonitor', 99.6666967868805, 492, 178, 869, 648], ['pottedplant', 96.45678997039795, 626, 494, 864, 678], ['chair', 76.44069194793701, 394, 215, 1055, 903], ['vase', 64.03035521507263, 758, 707, 723, 647], ['vase', 86.08222603797913, 1009, 953, 729, 651], ['vase', 61.417049169540405, 577, 534, 856, 781]]"
000000089792.jpg,"[['diningtable', 66.11241698265076, 912, 332, 843, 425], ['sofa', 97.58557677268982, 1494, 914, 1115, 589], ['chair', 62.61493563652039, 995, 905, 489, 319], ['tvmonitor', 99.58524107933044, 302, 127, 687, 350], ['chair', 98.94123077392578, 581, 379, 822, 454], ['chair', 99.74219799041748, 881, 619, 828, 437], ['chair', 76.2446343898773, 481, 375, 455, 384]]"
000000092331.jpg,"[['chair', 99.6946394443512, 929, 571, 1067, 508], ['tvmonitor', 99.54567551612854, 568, 225, 507, 183]]"
000000100395.jpg,"[['bed', 99.48381781578064, 1545, 662, 1098, 700], ['tvmonitor', 99.87182021141052, 526, 274, 408, 154]]"
000000102459.jpg,"[['tvmonitor', 99.53277707099916, 584, 369, 603, 445]]"
000000105538.jpg,"[['tvmonitor', 95.13167142868042, 1104, 745, 438, 123], ['laptop', 99.78101849555969, 621, 325, 521, 263], ['keyboard', 97.93393015861513, 781, 471, 716, 551], ['cell phone', 93.39473843574524, 1037, 976, 695, 573], ['cell phone', 67.60048866271973, 1203, 1092, 728, 639], ['mouse', 99.29731488227844, 976, 881, 835, 738]]"
000000106392.jpg,"[['tvmonitor', 62.5694215297699, 1348, 1178, 686, 526], ['microwave', 98.1620192527771, 467, 235, 690, 551], ['sink', 89.97375369071959, 944, 758, 704, 673]]"
000000107384.jpg,"[['tvmonitor', 99.51515793800354, 1250, 871, 442, 214], ['sofa', 70.85699439048767, 1574, 708, 1095, 838], ['book', 73.72505664825441, 1443, 1425, 287, 220], ['book', 80.99244236946106, 1447, 1420, 361, 306], ['book', 60.87867021560669, 1424, 1406, 435, 374], ['book', 73.41974973678589, 1443, 1423, 433, 376], ['bottle', 86.52195930480957, 1023, 983, 703, 588]]"
000000109084.jpg,"[['tvmonitor', 99.12680387496948, 1325, 1146, 523, 370], ['pottedplant', 95.60930132865906, 1164, 1006, 631, 447], ['chair', 70.23866176605225, 843, 594, 647, 461], ['sofa', 72.17668294906615, 842, 595, 665, 464], ['sofa', 78.04985642433168, 610, 345, 907, 539], ['chair', 74.22472238540651, 1547, 1327, 1081, 634], ['chair', 99.67163205146791, 912, 566, 1058, 729], ['cup', 90.44838547706604, 1225, 981, 1071, 878]]"
000000111341.jpg,"[['laptop', 77.08308696746826, 1026, 794, 475, 306], ['keyboard', 67.79093742370604, 1102, 722, 576, 530], ['tvmonitor', 95.52673101425172, 1482, 1159, 1058, 746], ['keyboard', 94.983971118927, 1118, 711, 558, 521], ['mouse', 60.75801253318786, 1307, 1247, 563, 532]]"
000000111348.jpg,"[['tvmonitor', 99.95623230934143, 533, 138, 771, 496], ['clock', 98.9004135131836, 944, 751, 449, 210]]"
000000113879.jpg,"[['sofa', 99.58651065826416, 810, 114, 1074, 475], ['sofa', 77.63737440109253, 1529, 1007, 1107, 730], ['tvmonitor', 97.72195219993591, 1543, 1334, 517, 303], ['chair', 98.33409786224364, 899, 749, 623, 421], ['chair', 96.16415500640869, 750, 505, 705, 421], ['sofa', 67.47056245803833, 754, 505, 734, 437], ['book', 69.59977149963379, 901, 751, 642, 597]]"
000000117428.jpg,"[['sofa', 90.15001058578493, 846, 156, 1076, 662], ['sofa', 80.27607202529906, 1495, 981, 1096, 887], ['tvmonitor', 99.65162873268127, 1012, 731, 432, 239], ['book', 62.26922869682312, 1153, 1086, 413, 399], ['book', 60.63583493232727, 443, 428, 562, 504]]"
000000118227.jpg,"[['toilet', 86.99803948402405, 1576, 911, 1040, 625], ['tvmonitor', 75.36827325820924, 462, 134, 375, 92]]"
000000119002.jpg,"[['tvmonitor', 99.5614230632782, 634, 152, 569, 189], ['chair', 67.17235445976257, 1535, 688, 1061, 261], ['book', 71.14051580429076, 1081, 885, 796, 673], ['book', 88.53279948234558, 1357, 1057, 814, 654], ['book', 72.06225991249084, 1216, 1038, 887, 750]]"
000000120285.jpg,"[['diningtable', 86.9140088558197, 1160, 709, 1033, 777], ['sofa', 98.42979907989502, 1626, 1241, 1122, 750], ['bench', 98.84402751922607, 931, 217, 1077, 862], ['tvmonitor', 99.86373782157898, 1329, 1049, 529, 325], ['chair', 92.80710816383362, 447, 296, 846, 677], ['chair', 67.73677468299866, 602, 470, 813, 687]]"
000000123310.jpg,"[['microwave', 97.97887206077576, 1005, 856, 909, 794], ['tvmonitor', 98.00192713737488, 295, 55, 1043, 833], ['wine glass', 85.4803204536438, 561, 506, 662, 545], ['wine glass', 75.78002810478209, 423, 384, 681, 561], ['wine glass', 69.19147968292236, 453, 414, 680, 559], ['wine glass', 88.04312944412231, 485, 446, 681, 558], ['spoon', 94.50598359107971, 393, 357, 883, 760], ['spoon', 87.09217309951781, 421, 389, 883, 760], ['spoon', 95.44745087623596, 455, 423, 880, 764]]"
000000124824.jpg,"[['bed', 99.37593936920166, 1493, 680, 980, 634], ['chair', 98.84387850761414, 542, 2, 1052, 707], ['tvmonitor', 99.4455337524414, 390, 182, 597, 434], ['chair', 98.3417809009552, 618, 425, 811, 574]]"
000000124827.jpg,"[['sofa', 99.65558648109436, 1092, 699, 873, 622], ['bottle', 75.75031518936156, 372, 252, 1061, 935], ['pottedplant', 62.678611278533936, 1205, 1166, 649, 601]]"
000000124911.jpg,"[['tvmonitor', 98.87118935585022, 1276, 917, 471, 203], ['laptop', 99.95474219322205, 871, 351, 855, 450], ['chair', 99.76824522018431, 1661, 1049, 1082, 395], ['keyboard', 99.52186346054077, 1301, 966, 568, 478], ['mouse', 79.97356057167053, 1411, 1344, 565, 523]]"
000000127256.jpg,"[['tvmonitor', 89.7559881210327, 975, 750, 379, 166], ['keyboard', 99.43534731864928, 896, 629, 432, 386], ['mouse', 92.01805591583252, 1048, 1002, 461, 425]]"
000000129576.jpg,"[['sofa', 96.63487076759338, 836, 32, 1047, 493], ['tvmonitor', 99.0886688232422, 1186, 1049, 632, 489], ['bicycle', 96.68467044830322, 1026, 835, 762, 456], ['book', 72.31080532073975, 778, 656, 730, 686]]"
000000136396.jpg,"[['chair', 99.00102615356444, 1549, 1080, 1117, 561], ['bed', 97.87490367889404, 1002, 114, 1076, 674], ['tvmonitor', 98.52081537246704, 559, 280, 409, 186], ['chair', 99.87775087356569, 991, 711, 791, 439]]"
000000141278.jpg,"[['chair', 99.84779953956604, 744, 210, 1052, 408], ['tvmonitor', 97.95201420783995, 928, 718, 340, 163], ['laptop', 99.85807538032532, 1078, 832, 482, 304]]"
000000141946.jpg,"[['chair', 99.0812122821808, 846, 350, 915, 356], ['tvmonitor', 88.88598680496216, 1113, 897, 345, 148], ['tvmonitor', 92.86189675331116, 737, 533, 394, 234], ['laptop', 89.52444791793823, 779, 541, 423, 232], ['keyboard', 94.2216694355011, 1075, 884, 377, 340], ['keyboard', 60.04652976989746, 757, 571, 410, 357], ['bottle', 78.3646821975708, 360, 302, 458, 347]]"
000000142557.jpg,"[['chair', 99.5484471321106, 1528, 935, 1100, 534], ['tvmonitor', 99.79889988899231, 1053, 696, 442, 126], ['laptop', 98.73223900794984, 1330, 1101, 443, 271], ['keyboard', 99.59992170333862, 1159, 804, 568, 437], ['keyboard', 62.287694215774536, 1308, 1113, 407, 360], ['mouse', 92.7737295627594, 1255, 1189, 466, 421]]"
000000144881.jpg,"[['tvmonitor', 99.84210133552551, 1305, 893, 452, 107], ['sofa', 97.60245680809021, 767, 40, 1056, 348], ['pottedplant', 76.65261030197144, 764, 500, 417, 148], ['remote', 98.98208975791931, 408, 278, 942, 814]]"
000000146171.jpg,"[['tvmonitor', 99.13886189460754, 642, 161, 596, 196], ['diningtable', 78.81134748458862, 887, 90, 1076, 682], ['bottle', 81.08435869216919, 470, 378, 764, 598], ['remote', 84.59982872009276, 692, 595, 837, 768], ['remote', 96.77489995956421, 420, 177, 859, 816]]"
000000150671.jpg,"[['sofa', 74.55819845199584, 587, 149, 835, 614], ['tvmonitor', 99.13862347602844, 1550, 1436, 738, 507], ['chair', 99.08079504966736, 1061, 843, 825, 625]]"
000000152657.jpg,"[['tvmonitor', 99.83037710189821, 1450, 1103, 709, 442], ['sofa', 98.981112241745, 790, 119, 1067, 667], ['chair', 96.73515558242798, 501, 250, 693, 495], ['pottedplant', 61.20453476905823, 754, 690, 511, 410], ['pottedplant', 87.99174427986145, 613, 560, 532, 474], ['book', 78.5273492336273, 940, 859, 936, 880]]"
000000153445.jpg,"[['tvmonitor', 99.6653378009796, 1432, 1070, 484, 253], ['sofa', 91.21904373168944, 768, 131, 798, 452], ['diningtable', 63.95422220230103, 1181, 742, 846, 653], ['sofa', 94.70943212509157, 1013, 115, 1077, 557], ['vase', 84.83882546424866, 901, 854, 262, 197]]"
000000155142.jpg,"[['tvmonitor', 99.67765808105469, 682, 301, 629, 392]]"
000000155546.jpg,"[['tvmonitor', 99.77120757102966, 1445, 1094, 401, 205], ['sofa', 98.79125356674194, 1121, 223, 1061, 563], ['chair', 96.57008051872252, 586, 410, 608, 358], ['chair', 62.10832595825195, 416, 182, 585, 420], ['book', 71.19126319885255, 993, 854, 755, 698]]"
000000159240.jpg,"[['chair', 99.287211894989, 999, 648, 997, 544], ['tvmonitor', 99.80959892272949, 1243, 1052, 741, 571], ['chair', 86.32713556289673, 1542, 1262, 931, 608]]"
000000160142.jpg,"[['tvmonitor', 98.99523258209229, 1290, 876, 455, 154], ['sofa', 98.23836088180542, 934, 185, 1051, 502], ['remote', 68.20931434631348, 922, 816, 625, 579]]"
000000164453.jpg,"[['laptop', 99.93549585342407, 704, 91, 781, 292], ['chair', 99.850195646286, 1652, 1036, 1095, 406], ['tvmonitor', 99.8647928237915, 1115, 808, 393, 107], ['keyboard', 99.96322393417358, 1136, 779, 531, 424], ['mouse', 98.68718385696413, 1271, 1192, 467, 428]]"
000000165433.jpg,"[['bed', 96.60630822181702, 1189, 578, 758, 489], ['sofa', 87.38609552383423, 1378, 312, 1090, 790]]"
000000169250.jpg,"[['sofa', 98.27207922935486, 744, 260, 1074, 624], ['tvmonitor', 99.66462254524231, 1294, 1109, 789, 576]]"
000000171940.jpg,"[['sofa', 93.50561499595642, 1193, 589, 914, 579], ['sofa', 97.48563170433044, 1562, 1148, 1116, 672], ['tvmonitor', 98.98820519447328, 1412, 1208, 691, 523]]"
000000172834.jpg,"[['tvmonitor', 97.61094450950623, 1565, 1199, 360, 176], ['sofa', 97.55146503448486, 1067, 90, 1067, 527]]"
000000177802.jpg,"[['sofa', 99.2927610874176, 1405, 891, 688, 454], ['sofa', 97.55655527114868, 607, 47, 1003, 550], ['tvmonitor', 98.79275560379028, 251, 70, 556, 395], ['chair', 81.08811378479005, 828, 697, 613, 415], ['sofa', 85.99290251731873, 1606, 1353, 865, 540], ['chair', 75.14521479606628, 702, 629, 546, 451]]"
000000181348.jpg,"[['sofa', 87.0651364326477, 538, 107, 1024, 351], ['sofa', 96.75791263580322, 1534, 1078, 1090, 601], ['tvmonitor', 98.05834889411926, 646, 444, 386, 233]]"
000000181922.jpg,"[['bed', 90.8079206943512, 1110, 80, 1045, 553], ['tvmonitor', 98.98565411567688, 1247, 1070, 442, 310], ['chair', 73.05940985679626, 623, 454, 575, 476], ['chair', 97.29502201080322, 1125, 981, 643, 500]]"
000000182673.jpg,"[['sofa', 99.26608204841614, 1430, 821, 1076, 710], ['tvmonitor', 89.67851400375366, 648, 484, 523, 357], ['chair', 72.68500328063966, 1317, 1198, 640, 511], ['chair', 89.69275951385498, 1036, 813, 750, 572], ['chair', 91.0442590713501, 1234, 990, 771, 598], ['vase', 90.23287296295166, 326, 286, 286, 214], ['chair', 64.14777040481567, 1180, 1105, 566, 492]]"
000000184830.jpg,"[['sofa', 96.82313799858092, 1547, 812, 950, 558], ['chair', 98.29291701316832, 1556, 878, 1098, 841], ['pottedplant', 67.49338507652283, 1493, 1277, 590, 338], ['diningtable', 71.22835516929626, 709, 546, 730, 474], ['bowl', 61.59738302230835, 510, 451, 375, 352]]"
000000188688.jpg,"[['sofa', 95.93565464019777, 820, 152, 1053, 540], ['chair', 93.25596690177916, 1442, 586, 1096, 970], ['tvmonitor', 99.86303448677064, 1338, 1055, 607, 388], ['vase', 77.6867151260376, 1109, 1049, 761, 692]]"
000000188712.jpg,"[['tvmonitor', 98.90186786651613, 570, 175, 512, 190], ['sofa', 93.9148247241974, 1553, 567, 1105, 537]]"
000000190722.jpg,"[['laptop', 99.86568689346312, 765, 226, 876, 435], ['keyboard', 99.88324642181395, 1243, 839, 723, 568], ['tvmonitor', 98.29939007759094, 1122, 768, 440, 124], ['cell phone', 89.40863609313965, 251, 151, 986, 870], ['mouse', 99.86938238143921, 1334, 1263, 635, 561]]"
000000190957.jpg,"[['tvmonitor', 89.37281966209412, 874, 500, 1021, 717], ['person', 72.02771902084349, 803, 562, 947, 730]]"
000000192651.jpg,"[['chair', 80.61178922653198, 953, 576, 811, 582], ['sofa', 69.00763511657715, 989, 580, 815, 599], ['sofa', 97.21473455429077, 1373, 724, 1097, 669], ['tvmonitor', 99.86820816993713, 361, 149, 645, 461], ['pottedplant', 91.34494066238405, 1555, 1332, 1017, 298], ['pottedplant', 62.01810836791992, 1550, 1321, 977, 730], ['book', 83.171147108078, 783, 649, 793, 745], ['book', 60.918617248535156, 669, 548, 832, 774]]"
000000193529.jpg,"[['pottedplant', 93.28786730766295, 907, 529, 725, 66], ['sofa', 95.64074277877808, 608, 29, 852, 488], ['sofa', 99.18340444564821, 1437, 527, 1089, 594], ['pottedplant', 93.23520064353943, 1539, 1412, 433, 303], ['tvmonitor', 98.76875877380371, 1244, 1033, 500, 295], ['pottedplant', 80.78683018684387, 982, 914, 392, 304], ['vase', 82.61647820472717, 1481, 1440, 417, 375], ['pottedplant', 87.62142658233644, 972, 885, 557, 487], ['pottedplant', 66.31381511688232, 1407, 1254, 578, 525], ['vase', 69.09160614013672, 657, 588, 690, 604], ['pottedplant', 69.64552402496338, 1541, 1467, 763, 653]]"
000000195754.jpg,"[['sofa', 97.27689623832704, 923, 480, 714, 512], ['chair', 97.57768511772156, 622, 231, 909, 634], ['tvmonitor', 99.24430847167969, 1369, 1148, 527, 356], ['chair', 90.72582125663756, 505, 205, 863, 584]]"
000000202086.jpg,"[['sofa', 95.26894092559814, 1490, 683, 958, 494], ['chair', 98.92390370368958, 655, 258, 947, 668], ['tvmonitor', 99.97669458389281, 627, 421, 437, 299], ['bowl', 67.66191124916078, 819, 707, 562, 511]]"
000000203160.jpg,"[['chair', 72.41774201393126, 1204, 726, 701, 413], ['sofa', 98.55201244354248, 1493, 141, 1102, 494], ['car', 92.67696142196657, 1057, 925, 341, 236], ['tvmonitor', 99.92334246635436, 566, 310, 429, 200], ['wine glass', 77.51930356025694, 542, 498, 649, 542]]"
000000206395.jpg,"[['tvmonitor', 99.92930293083192, 344, 146, 639, 473], ['pottedplant', 71.55901193618773, 427, 336, 633, 500]]"
000000206662.jpg,"[['tvmonitor', 99.44081902503969, 1465, 1026, 454, 118], ['chair', 99.35705661773682, 242, 54, 958, 636], ['chair', 99.79916214942932, 473, 227, 1022, 642]]"
000000210794.jpg,"[['tvmonitor', 62.09338903427124, 603, 418, 703, 542], ['sofa', 79.8508584499359, 1645, 1368, 1081, 717], ['book', 60.35454273223877, 1222, 1202, 425, 383]]"
000000211521.jpg,"[['sofa', 99.57649111747742, 602, 32, 1052, 637], ['tvmonitor', 99.71423745155334, 1280, 1154, 789, 531], ['chair', 75.03334283828734, 847, 605, 851, 604]]"
000000213375.jpg,"[['toilet', 78.73963117599487, 773, 551, 926, 613], ['toilet', 98.25749397277832, 1218, 932, 1073, 771]]"
000000214848.jpg,"[['sofa', 79.02716398239136, 1037, 661, 743, 571], ['tvmonitor', 98.54748845100404, 217, 47, 762, 540]]"
000000216716.jpg,"[['sofa', 74.21162724494934, 1335, 940, 768, 448], ['pottedplant', 97.13196754455566, 1562, 1171, 891, 628], ['sofa', 99.905663728714, 589, 130, 1074, 483], ['tvmonitor', 99.04354214668274, 636, 346, 436, 239], ['chair', 91.18168950080872, 1291, 955, 750, 423]]"
000000217720.jpg,"[['tvmonitor', 99.89164471626282, 1483, 1059, 667, 354], ['bed', 89.77471590042114, 976, 158, 1073, 690]]"
000000219687.jpg,"[['tvmonitor', 95.00492811203004, 1023, 651, 441, 224], ['chair', 95.87363600730896, 738, 303, 1025, 612], ['chair', 95.75608968734741, 1331, 906, 1023, 628], ['clock', 77.97282338142395, 1254, 1195, 366, 303], ['book', 75.96219182014465, 474, 457, 383, 310], ['book', 74.13176894187926, 472, 456, 480, 413], ['book', 87.1165931224823, 607, 591, 481, 413], ['book', 68.33638548851013, 474, 459, 580, 513], ['book', 62.59728074073792, 508, 490, 578, 511]]"
000000222964.jpg,"[['sofa', 90.19988179206848, 1058, 410, 1040, 588], ['bed', 92.44235157966614, 565, 139, 1060, 820], ['tvmonitor', 88.29128742218019, 1494, 1322, 741, 612], ['book', 72.66544699668884, 962, 947, 549, 502], ['book', 77.84780263900755, 991, 978, 546, 500], ['book', 68.69702935218811, 991, 980, 604, 562]]"
000000224056.jpg,"[['laptop', 99.75008964538574, 887, 285, 735, 163], ['laptop', 99.1295874118805, 1603, 749, 893, 231], ['keyboard', 98.89026284217834, 794, 99, 1061, 722], ['tvmonitor', 97.85696864128113, 598, 254, 410, 72], ['mouse', 92.7435338497162, 852, 621, 1064, 952]]"
000000230665.jpg,"[['sofa', 98.63225817680359, 1609, 913, 1090, 555], ['tvmonitor', 99.88864660263063, 395, 147, 433, 213]]"
000000232376.jpg,"[['tvmonitor', 99.60483908653259, 1555, 1142, 673, 338], ['laptop', 99.92103576660156, 1151, 750, 797, 525], ['keyboard', 99.40439462661743, 1488, 757, 1074, 927], ['mouse', 87.44402527809143, 1637, 1486, 1074, 954], ['book', 67.7512526512146, 350, 324, 326, 182], ['book', 64.13798928260803, 383, 357, 323, 180], ['book', 75.26037693023682, 352, 321, 692, 548], ['cell phone', 77.26157307624817, 685, 577, 762, 713], ['mouse', 99.85602498054504, 1366, 1256, 799, 742]]"
000000234236.jpg,"[['tvmonitor', 94.36434507369995, 1597, 1139, 260, 69], ['laptop', 99.91047978401184, 1102, 203, 755, 148], ['cell phone', 75.75367093086244, 1183, 1065, 714, 530], ['mouse', 99.86812472343443, 1282, 1107, 894, 769], ['mouse', 97.26157188415527, 1517, 1344, 907, 753]]"
000000235176.jpg,"[['diningtable', 64.97547030448915, 983, 255, 1043, 577], ['sofa', 99.45683479309082, 1497, 468, 1100, 557], ['tvmonitor', 99.8871684074402, 651, 374, 423, 196], ['chair', 85.91574430465698, 1264, 1102, 469, 182], ['chair', 99.22355413436891, 1018, 746, 491, 254], ['bottle', 99.09746646881105, 561, 501, 741, 541], ['book', 60.16312837600708, 1290, 1258, 379, 303]]"
000000236016.jpg,"[['bed', 92.65949726104736, 1600, 373, 1098, 817], ['tvmonitor', 99.9010980129242, 299, 62, 699, 503], ['pottedplant', 65.59340357780458, 491, 312, 654, 551], ['chair', 87.71901726722717, 376, 52, 1055, 886]]"
000000236226.jpg,"[['sofa', 99.60288405418396, 1418, 322, 1065, 586], ['pottedplant', 97.09677696228027, 1630, 1437, 721, 288], ['tvmonitor', 99.57901239395142, 617, 421, 588, 415]]"
000000236725.jpg,"[['sofa', 95.7089900970459, 768, 37, 818, 414], ['chair', 99.87570643424988, 957, 446, 1082, 649], ['tvmonitor', 99.78067874908449, 1228, 1047, 513, 391], ['chair', 80.60020804405212, 1523, 1250, 780, 447], ['chair', 71.39970064163208, 508, 172, 1019, 646], ['book', 61.38774752616882, 934, 915, 504, 436], ['book', 65.95258116722107, 965, 946, 507, 435], ['cup', 67.33776926994325, 908, 854, 618, 561]]"
000000240247.jpg,"[['sofa', 99.92265701293944, 1400, 742, 764, 526], ['sofa', 85.22834777832031, 567, 87, 1060, 561], ['sofa', 97.77764678001404, 1560, 713, 1087, 672], ['tvmonitor', 99.47410225868224, 542, 331, 350, 116], ['clock', 99.81275200843812, 1276, 1064, 373, 172], ['wine glass', 78.80524992942809, 267, 219, 370, 287], ['wine glass', 90.04219174385071, 342, 278, 370, 296], ['book', 68.90812516212463, 704, 686, 678, 625]]"
000000240685.jpg,"[['bed', 99.07326698303223, 940, 67, 990, 435], ['sofa', 90.47096967697144, 1615, 1206, 1030, 521], ['tvmonitor', 98.6221969127655, 255, 83, 447, 338], ['chair', 95.72115540504456, 296, 113, 609, 428]]"
000000241350.jpg,"[['bicycle', 99.81706738471985, 979, 253, 1010, 576], ['tvmonitor', 81.08370900154114, 1215, 1057, 641, 473], ['tvmonitor', 61.9290828704834, 1307, 1199, 652, 527], ['laptop', 80.38097620010377, 1324, 1194, 676, 535], ['bottle', 89.93991613388063, 1038, 996, 645, 524], ['keyboard', 64.94516134262085, 1333, 1207, 666, 607], ['mouse', 86.83931231498718, 1392, 1345, 689, 664]]"
000000244159.jpg,"[['sofa', 93.16392540931702, 1081, 590, 844, 558], ['sofa', 88.68162631988525, 1586, 1171, 1102, 671], ['tvmonitor', 99.51366186141969, 455, 246, 639, 472], ['pottedplant', 93.06742548942566, 893, 752, 795, 657], ['chair', 90.56060314178468, 400, 157, 1054, 766], ['book', 68.94673705101013, 248, 232, 253, 188]]"
000000244571.jpg,"[['sofa', 95.4338014125824, 1084, 70, 1044, 485], ['tvmonitor', 99.21753406524658, 1640, 1313, 403, 45]]"
000000244754.jpg,"[['sofa', 98.20797443389893, 1304, 448, 948, 494], ['tvmonitor', 99.62459802627563, 220, 57, 710, 399]]"
000000245451.jpg,"[['tvmonitor', 93.84573101997377, 1102, 548, 298, 36], ['keyboard', 72.86162972450256, 1263, 372, 908, 609], ['bottle', 92.92927384376526, 452, 351, 413, 125], ['cell phone', 83.2988440990448, 455, 334, 485, 424], ['mouse', 98.95427227020264, 1124, 1035, 519, 438]]"
000000256722.jpg,"[['laptop', 61.25691533088684, 1385, 864, 1097, 883], ['laptop', 60.90887784957886, 1484, 738, 1125, 776], ['tvmonitor', 95.14756798744202, 580, 304, 804, 571], ['book', 71.1893081665039, 258, 225, 680, 590], ['book', 75.43138861656189, 291, 250, 685, 597]]"
000000257063.jpg,"[['bed', 95.26892304420471, 1523, 163, 1078, 820], ['tvmonitor', 99.7860550880432, 1108, 895, 407, 269], ['pottedplant', 86.67224049568176, 951, 704, 859, 685]]"
000000259120.jpg,"[['pottedplant', 80.76865077018738, 391, 36, 1042, 368], ['chair', 91.09341502189636, 877, 321, 1072, 666], ['diningtable', 93.82832050323486, 1636, 1082, 1095, 739], ['tvmonitor', 99.47580099105836, 981, 817, 424, 281], ['chair', 99.7470200061798, 1118, 919, 754, 463]]"
000000260519.jpg,"[['chair', 68.88637542724611, 1634, 1239, 1128, 588], ['sofa', 74.13951754570006, 1634, 1239, 1128, 588], ['tvmonitor', 98.78993034362793, 299, 70, 601, 409], ['vase', 92.07963347434998, 657, 577, 355, 252], ['vase', 91.45410656929016, 1161, 1084, 365, 262], ['remote', 71.54831886291505, 250, 129, 1021, 934]]"
000000264018.jpg,"[['sofa', 98.22668433189392, 1221, 474, 1036, 633], ['tvmonitor', 99.67189431190492, 1278, 1032, 589, 409], ['bottle', 98.53097796440123, 1597, 1532, 778, 579]]"
000000266209.jpg,"[['sofa', 91.42369031906128, 1555, 693, 802, 462], ['sofa', 92.15655326843262, 1587, 837, 1074, 466], ['tvmonitor', 99.934983253479, 466, 100, 674, 326], ['remote', 97.44881391525269, 1596, 1386, 1063, 1010]]"
000000274665.jpg,"[['tvmonitor', 99.87273812294006, 1365, 1015, 586, 366], ['sofa', 89.16473388671875, 748, 119, 925, 537], ['book', 64.65638279914856, 589, 551, 544, 464], ['sports ball', 79.99110221862794, 1061, 973, 846, 769]]"
000000275443.jpg,"[['chair', 98.49530458450316, 532, 166, 899, 467], ['bed', 98.48804473876952, 1520, 614, 1102, 651], ['tvmonitor', 99.29292798042296, 720, 509, 344, 154], ['suitcase', 96.71141505241394, 820, 635, 809, 457], ['backpack', 90.09885787963869, 638, 514, 821, 670]]"
000000275661.jpg,"[['tvmonitor', 98.86948466300964, 570, 283, 437, 131], ['keyboard', 99.82032179832458, 668, 332, 556, 418], ['chair', 84.60252285003662, 1541, 1325, 875, 354], ['book', 67.28127002716064, 997, 974, 169, 38], ['book', 62.56051063537598, 1031, 1003, 168, 39], ['book', 62.44150996208191, 1061, 1029, 168, 46], ['mouse', 82.869553565979, 737, 671, 463, 429]]"
000000285910.jpg,"[['sofa', 89.18889164924622, 1473, 1040, 880, 617], ['sofa', 87.79980540275574, 1598, 610, 1093, 758], ['chair', 75.44575333595277, 1596, 795, 1106, 798], ['tvmonitor', 99.81289505958557, 602, 383, 606, 390]]"
000000288171.jpg,"[['sofa', 99.57461357116699, 1526, 1030, 1014, 455], ['chair', 62.318170070648186, 564, 133, 1069, 762], ['tvmonitor', 99.72235560417177, 492, 292, 459, 260], ['wine glass', 69.1483736038208, 872, 814, 605, 532]]"
000000293418.jpg,"[['sofa', 81.59515261650084, 1014, 553, 853, 592], ['sofa', 63.63058090209961, 1630, 1069, 1035, 629], ['tvmonitor', 99.65110421180724, 261, 29, 588, 273], ['pottedplant', 79.47469949722291, 564, 406, 673, 524], ['clock', 94.20146346092224, 1199, 1151, 303, 240]]"
000000294330.jpg,"[['laptop', 91.05764031410216, 486, 112, 559, 223], ['chair', 99.93371963500977, 1208, 761, 1007, 417], ['tvmonitor', 98.16922545433044, 899, 632, 318, 96], ['tvmonitor', 80.39863109588623, 360, 133, 486, 202], ['keyboard', 99.18366074562073, 1183, 826, 481, 363], ['book', 68.44039559364319, 612, 515, 799, 650], ['book', 61.22891902923584, 1258, 1230, 199, 59], ['mouse', 76.45910978317261, 552, 493, 375, 345], ['mouse', 96.51976823806764, 1264, 1170, 513, 458]]"
000000295134.jpg,"[['chair', 97.63448238372804, 733, 274, 1058, 722], ['tvmonitor', 98.18357825279236, 1357, 1170, 638, 493], ['chair', 99.2857575416565, 676, 340, 849, 503], ['book', 64.02359008789061, 574, 560, 301, 254], ['book', 71.07072472572327, 605, 592, 368, 317], ['book', 60.07824540138245, 737, 669, 347, 335], ['book', 71.5076744556427, 606, 591, 446, 399]]"
000000297181.jpg,"[['tvmonitor', 97.91799783706664, 1415, 1115, 573, 351], ['chair', 78.56465578079224, 951, 809, 685, 514], ['mouse', 68.34384202957153, 1258, 1215, 780, 753]]"
000000300232.jpg,"[['sofa', 89.70782160758972, 1534, 1172, 1081, 290], ['tvmonitor', 98.89304637908936, 595, 254, 142, 8], ['bottle', 97.15277552604677, 727, 628, 522, 361], ['cup', 77.78971791267395, 1176, 1134, 246, 199]]"
000000302030.jpg,"[['laptop', 99.88930225372314, 648, -32, 981, 451], ['book', 73.97636771202087, 416, 292, 235, 116], ['tvmonitor', 99.64179396629332, 1404, 1152, 310, 97], ['book', 61.345744132995605, 787, 485, 389, 323], ['keyboard', 99.43690896034241, 1477, 1088, 420, 317], ['book', 62.9888653755188, 776, 471, 439, 357], ['book', 69.64593529701233, 110, 50, 159, 56], ['book', 75.06358623504639, 206, 149, 160, 60], ['book', 65.25986194610596, 459, 417, 234, 107], ['book', 79.59142327308655, 520, 478, 237, 109], ['book', 61.53084635734558, 551, 501, 238, 109], ['book', 62.65522241592407, 237, 181, 311, 190]]"
000000303867.jpg,"[['bed', 99.83519911766052, 1569, 629, 1023, 444], ['tvmonitor', 98.92913699150084, 228, 70, 495, 227]]"
000000306466.jpg,"[['chair', 99.467933177948, 909, 499, 1077, 685], ['tvmonitor', 99.91458654403688, 1381, 1108, 545, 329]]"
000000306782.jpg,"[['tvmonitor', 99.92192983627321, 1028, 686, 351, 135], ['sofa', 99.47379231452942, 1557, 144, 1075, 661], ['sofa', 81.64439797401428, 380, 140, 696, 483], ['remote', 65.35685658454895, 871, 835, 629, 617], ['remote', 97.52061367034912, 1012, 902, 641, 598]]"
000000308265.jpg,"[['tvmonitor', 99.92504119873048, 578, 259, 744, 532], ['sofa', 94.55714821815492, 1329, 977, 967, 647], ['clock', 96.77648544311523, 1378, 1321, 346, 269]]"
000000309368.jpg,"[['sofa', 86.66558861732483, 1263, 505, 872, 568], ['chair', 96.31946682929993, 1221, 702, 1085, 659], ['tvmonitor', 97.01858162879944, 982, 815, 397, 263], ['sofa', 80.17047047615051, 1453, 1210, 684, 497], ['vase', 87.91948556900023, 678, 627, 457, 394]]"
000000309553.jpg,"[['bed', 98.11266660690308, 1655, 304, 1004, 314], ['laptop', 99.55810904502869, 1046, 790, 859, 709]]"
000000312435.jpg,"[['chair', 99.58782196044922, 570, 121, 917, 343], ['tvmonitor', 92.6788866519928, 694, 436, 234, 21], ['keyboard', 99.15599226951599, 710, 444, 365, 312], ['mouse', 68.6381161212921, 782, 739, 359, 333], ['mouse', 82.49083757400513, 436, 368, 368, 345]]"
000000315637.jpg,"[['tvmonitor', 99.34936165809631, 1137, 758, 397, 86], ['keyboard', 99.9874234199524, 1048, 678, 512, 396], ['book', 68.52946877479553, 248, 154, 527, 470], ['mouse', 99.86064434051514, 1157, 1065, 544, 470]]"
000000317206.jpg,"[['oven', 98.39738607406616, 1032, 544, 974, 671], ['tvmonitor', 75.73062181472778, 1371, 1236, 671, 528]]"
000000317537.jpg,"[['sofa', 63.76566886901856, 719, 154, 912, 550], ['tvmonitor', 99.28953647613524, 1456, 1201, 660, 461], ['chair', 98.96508455276488, 812, 543, 788, 510], ['chair', 95.99692225456238, 1171, 827, 825, 527], ['clock', 88.28407526016234, 1372, 1307, 346, 286]]"
000000322407.jpg,"[['tvmonitor', 99.40651655197144, 1184, 826, 438, 221], ['chair', 98.7721025943756, 796, 375, 1033, 651], ['sofa', 80.01267910003662, 797, 558, 802, 621], ['sofa', 89.06344771385193, 1497, 1188, 919, 626], ['clock', 83.21959972381592, 474, 422, 454, 336], ['vase', 66.69529676437378, 852, 805, 442, 399]]"
000000324365.jpg,"[['sofa', 74.99125003814697, 922, 380, 710, 424], ['sofa', 97.2204327583313, 543, 25, 1072, 513], ['pottedplant', 97.41014838218688, 312, 56, 557, 318], ['tvmonitor', 99.54541325569151, 1425, 1122, 565, 355], ['clock', 63.56244683265686, 803, 768, 303, 236], ['chair', 63.487106561660774, 591, 523, 412, 360], ['chair', 70.43068408966064, 636, 609, 408, 349], ['chair', 62.41475343704224, 463, 403, 441, 353], ['book', 77.83295512199402, 639, 538, 670, 628], ['remote', 94.3776309490204, 737, 609, 807, 760]]"
000000324611.jpg,"[['sofa', 92.77949333190918, 1541, 1113, 741, 447], ['chair', 90.76514840126038, 647, 275, 768, 459], ['sofa', 63.94620537757874, 1561, 984, 1103, 544], ['tvmonitor', 98.43961596488951, 1022, 745, 318, 145], ['chair', 68.90457272529602, 1306, 1085, 521, 370], ['chair', 96.15206718444824, 677, 393, 603, 334], ['remote', 61.31389737129211, 1069, 979, 589, 573]]"
000000325992.jpg,"[['tvmonitor', 95.32038569450378, 447, 28, 284, 4], ['laptop', 99.91404414176941, 1587, 436, 1015, 160], ['bottle', 84.57372784614562, 293, 146, 701, 324], ['cell phone', 71.60750031471251, 502, 339, 669, 502]]"
000000327157.jpg,"[['bed', 92.91757941246031, 1548, 108, 1092, 696], ['tvmonitor', 78.35670113563538, 1267, 1100, 356, 190], ['chair', 99.89779591560364, 1453, 1144, 839, 478], ['bottle', 63.41352462768555, 1151, 1124, 419, 362], ['bottle', 98.42179417610168, 1007, 955, 468, 348]]"
000000327726.jpg,"[['book', 69.80547904968262, 1449, 455, 566, 108], ['sofa', 97.93524146080016, 1514, 1012, 1059, 579], ['chair', 95.35785913467407, 457, 86, 1066, 799], ['tvmonitor', 99.93967413902284, 375, 111, 532, 306], ['chair', 99.46607947349548, 1151, 867, 655, 381], ['laptop', 87.20908164978027, 1408, 1143, 1081, 907], ['remote', 82.04125165939331, 956, 877, 679, 660], ['remote', 77.60670781135559, 875, 824, 698, 669]]"
000000329613.jpg,"[['sofa', 85.93796491622925, 1300, 110, 1079, 780], ['tvmonitor', 99.60456490516664, 1529, 1229, 670, 459], ['refrigerator', 94.57898139953613, 839, 740, 704, 486], ['chair', 72.39109277725221, 291, 58, 752, 602], ['chair', 97.1818208694458, 520, 325, 808, 595], ['chair', 92.64342188835144, 667, 534, 831, 589], ['chair', 98.13988208770752, 783, 656, 832, 597]]"
000000329948.jpg,"[['tvmonitor', 99.75513219833374, 1639, 1270, 484, 160], ['sofa', 99.67042803764343, 1043, 49, 756, 372], ['sofa', 91.9572114944458, 1635, 733, 1106, 578], ['pottedplant', 74.78246688842773, 1239, 1022, 367, 218], ['remote', 71.33961319923402, 669, 548, 574, 549], ['book', 77.83194184303285, 522, 325, 602, 552]]"
000000330499.jpg,"[['sofa', 98.52917194366456, 1510, 468, 1093, 317], ['tvmonitor', 99.25709366798401, 608, 340, 255, 73]]"
000000332015.jpg,"[['pottedplant', 96.9282567501068, 827, 442, 725, 277], ['sofa', 97.88168668746948, 1589, 1172, 711, 527], ['bed', 94.3532645702362, 1661, 892, 1093, 718], ['tvmonitor', 99.18277263641356, 360, 107, 572, 340], ['chair', 84.24227833747864, 896, 662, 714, 511], ['sofa', 67.15235710144043, 896, 662, 714, 511], ['laptop', 67.86324977874756, 193, 2, 752, 651], ['vase', 63.91390562057495, 1127, 1090, 524, 442]]"
000000334056.jpg,"[['chair', 99.58969950675964, 490, 114, 1048, 617], ['chair', 99.62528944015504, 1382, 981, 1109, 749], ['tvmonitor', 98.85008335113524, 1407, 1124, 521, 294], ['chair', 82.72258043289185, 794, 585, 647, 498], ['laptop', 97.09627032279968, 852, 652, 654, 541], ['chair', 99.2870032787323, 1179, 1034, 717, 566], ['chair', 96.80026173591614, 1328, 1152, 739, 604], ['chair', 73.47202897071837, 841, 490, 1005, 685], ['bottle', 85.96369028091429, 690, 661, 647, 569]]"
000000340155.jpg,"[['laptop', 99.73413944244385, 1477, 1129, 735, 440], ['tvmonitor', 95.99360823631287, 976, 754, 356, 136], ['laptop', 99.9449610710144, 1203, 932, 585, 303], ['mouse', 74.24197196960448, 873, 830, 509, 473], ['cell phone', 85.566645860672, 1133, 1068, 677, 609], ['mouse', 67.72006750106812, 1458, 1420, 811, 753]]"
000000341070.jpg,"[['diningtable', 69.26154494285582, 990, 337, 1055, 591], ['oven', 73.67063760757445, 1318, 1125, 638, 488], ['chair', 83.69317054748534, 375, 208, 958, 568], ['chair', 99.71431493759157, 544, 318, 1030, 570], ['chair', 99.83660578727722, 803, 528, 1063, 604], ['banana', 62.993741035461426, 1074, 1034, 566, 524]]"
000000341354.jpg,"[['sofa', 69.54341530799866, 441, 39, 946, 611], ['tvmonitor', 99.85666871070862, 1306, 1093, 701, 498], ['pottedplant', 99.02517795562744, 1046, 921, 727, 546], ['laptop', 76.29260420799254, 1242, 1096, 905, 785]]"
000000346302.jpg,"[['sofa', 93.44933032989502, 892, 290, 1073, 710], ['pottedplant', 65.39498567581178, 1215, 1126, 743, 614], ['chair', 99.41087365150452, 1082, 874, 883, 659], ['tvmonitor', 98.99845123291016, 1624, 1465, 913, 639], ['book', 70.08036375045775, 1413, 1399, 474, 419], ['book', 64.94449973106384, 1446, 1372, 521, 507], ['book', 62.387686967849724, 1446, 1372, 538, 524], ['book', 71.31147980690001, 1390, 1359, 638, 553], ['book', 77.77994871139526, 1426, 1393, 645, 564]]"
000000348480.jpg,"[['sofa', 89.37511444091797, 762, 50, 1059, 841], ['clock', 98.56569766998292, 546, 425, 294, 145], ['tvmonitor', 99.57587718963623, 673, 384, 645, 404], ['book', 64.89575505256653, 324, 287, 583, 464], ['bowl', 95.43659687042236, 1277, 1143, 806, 746]]"
000000349915.jpg,"[['diningtable', 77.38308906555177, 659, 300, 1053, 813], ['tvmonitor', 99.88397359848022, 488, 313, 668, 513], ['chair', 97.61985540390016, 864, 716, 802, 633], ['chair', 93.77560019493104, 796, 564, 905, 684]]"
000000350617.jpg,"[['sofa', 99.86761808395386, 712, 124, 1067, 395], ['chair', 91.33751392364502, 1553, 1118, 1109, 679], ['tvmonitor', 98.2636332511902, 1248, 1090, 394, 246], ['vase', 75.12351274490356, 731, 698, 158, 91]]"
000000352286.jpg,"[['sofa', 98.43881726264955, 700, 118, 1053, 627], ['tvmonitor', 99.6957004070282, 1464, 1185, 651, 431], ['cup', 91.70584082603456, 602, 546, 902, 838]]"
000000357584.jpg,"[['sofa', 99.85084533691406, 1543, 748, 1074, 558], ['tvmonitor', 99.56539869308472, 555, 310, 562, 357], ['chair', 84.85494256019592, 949, 835, 568, 454], ['vase', 95.17322182655334, 883, 761, 947, 842], ['book', 88.8483464717865, 1060, 856, 1055, 948], ['microwave', 85.65055131912231, 1377, 1254, 308, 251], ['laptop', 81.73826336860655, 1382, 1253, 541, 467]]"
000000357604.jpg,"[['bed', 99.90575313568115, 737, 142, 1034, 252], ['backpack', 89.47582840919495, 1489, 916, 1113, 804], ['tvmonitor', 98.47686290740968, 1167, 935, 437, 219], ['laptop', 79.22518253326416, 919, 707, 476, 278], ['chair', 87.53819465637207, 1009, 834, 956, 510], ['mouse', 89.8404061794281, 985, 940, 474, 439]]"
000000358584.jpg,"[['bed', 96.83845043182372, 1126, 37, 1060, 703], ['sofa', 69.76300477981567, 1649, 1149, 1073, 756], ['tvmonitor', 99.93806481361388, 1221, 996, 454, 293]]"
000000362120.jpg,"[['bed', 98.1333315372467, 1451, 457, 1065, 544], ['tvmonitor', 99.7290313243866, 551, 309, 705, 517], ['teddy bear', 99.16395545005798, 1525, 1385, 821, 687]]"
000000377056.jpg,"[['tvmonitor', 99.88246560096741, 1464, 1029, 610, 276], ['sofa', 85.54970622062683, 1616, 344, 1087, 792], ['chair', 98.74310493469238, 648, 482, 791, 588], ['chair', 99.67749118804932, 382, 192, 855, 587], ['wine glass', 61.347275972366326, 513, 477, 608, 562], ['apple', 68.01108121871947, 676, 628, 806, 760], ['apple', 64.65104222297667, 712, 663, 808, 762], ['apple', 61.90153360366821, 816, 761, 819, 764], ['apple', 70.30448913574219, 864, 807, 806, 763], ['apple', 69.55817341804503, 769, 703, 826, 772]]"
000000379522.jpg,"[['sofa', 82.60182738304137, 1541, 1087, 948, 618], ['chair', 70.60129046440126, 1535, 1087, 975, 625], ['diningtable', 62.03877925872803, 1041, 42, 1041, 750], ['laptop', 79.80842590332031, 311, 129, 932, 798], ['vase', 68.36388111114502, 571, 507, 581, 494], ['vase', 82.8242838382721, 888, 780, 782, 701], ['keyboard', 70.24229764938353, 544, 345, 949, 891]]"
000000380070.jpg,"[['bed', 99.78153109550476, 831, 112, 1106, 279], ['tvmonitor', 98.09429049491881, 1424, 1274, 491, 176], ['sofa', 72.22291231155396, 782, 485, 549, 378]]"
000000383549.jpg,"[['tvmonitor', 99.848210811615, 625, 265, 501, 254], ['sofa', 93.55013966560364, 1530, 962, 1105, 719], ['pottedplant', 98.13868403434752, 1489, 1246, 558, 289], ['chair', 78.19870114326476, 1451, 1254, 743, 422]]"
000000384235.jpg,"[['laptop', 96.20448350906372, 1172, 816, 563, 304], ['tvmonitor', 98.7986981868744, 1580, 1159, 650, 166], ['tvmonitor', 90.22887945175172, 1187, 918, 535, 274], ['keyboard', 99.7648298740387, 1077, 697, 667, 533], ['bottle', 70.00662088394165, 1246, 1185, 594, 458], ['mouse', 99.92191791534424, 1245, 1127, 722, 664], ['mouse', 77.75728702545166, 1484, 1377, 832, 771]]"
000000384641.jpg,"[['chair', 99.87894296646118, 855, 447, 1086, 536], ['tvmonitor', 98.02837371826172, 866, 529, 396, 93], ['keyboard', 99.9333918094635, 901, 501, 549, 481], ['mouse', 99.2482841014862, 984, 911, 533, 478]]"
000000386313.jpg,"[['bicycle', 99.90352392196657, 726, 282, 1075, 514], ['tvmonitor', 99.87565875053406, 1030, 752, 446, 204], ['clock', 96.11691236495972, 1186, 1100, 638, 542]]"
000000387264.jpg,"[['sofa', 97.30318784713744, 1056, 180, 833, 460], ['sofa', 70.20480036735536, 1534, 1122, 822, 496], ['chair', 75.50939917564392, 683, 49, 1062, 677], ['tvmonitor', 64.36083912849425, 1524, 1371, 314, 148]]"
000000391525.jpg,"[['sofa', 92.47395992279051, 762, 144, 1071, 671], ['tvmonitor', 99.69720244407654, 1472, 1137, 703, 394]]"
000000395701.jpg,"[['chair', 99.22484159469604, 974, 565, 1035, 714], ['pottedplant', 89.668208360672, 1248, 1009, 510, 295], ['tvmonitor', 99.38468933105469, 546, 341, 868, 668], ['sofa', 79.1102349758148, 280, 63, 1027, 648], ['book', 64.28083777427672, 447, 429, 419, 347], ['book', 64.14252519607544, 457, 418, 416, 345], ['book', 75.15114545822144, 447, 430, 499, 427], ['book', 63.17930817604065, 456, 415, 496, 426], ['book', 65.93688726425171, 1157, 1141, 569, 496], ['book', 70.53706645965576, 1185, 1172, 572, 495], ['book', 60.36491990089417, 1217, 1202, 576, 495], ['bottle', 64.13924098014833, 1202, 1162, 945, 834]]"
000000395758.jpg,"[['sofa', 98.53963851928712, 1567, 576, 1100, 682], ['tvmonitor', 99.83394145965576, 617, 343, 574, 398], ['chair', 99.10780787467957, 1065, 891, 789, 566], ['chair', 98.20605516433716, 1467, 1270, 815, 576], ['chair', 93.63517165184021, 1305, 1047, 860, 580]]"
000000395775.jpg,"[['tvmonitor', 99.41855669021606, 1418, 1081, 699, 466], ['bed', 96.56592607498169, 1563, 130, 1071, 538]]"
000000396681.jpg,"[['bed', 99.76173043251038, 1621, 578, 1091, 563], ['tvmonitor', 99.36307072639464, 530, 263, 429, 226], ['chair', 96.92364931106569, 1365, 1121, 605, 444], ['chair', 99.5940327644348, 881, 689, 681, 439]]"
000000398567.jpg,"[['tvmonitor', 99.47827458381651, 879, 441, 409, 73], ['keyboard', 99.7559905052185, 692, 187, 785, 606], ['cell phone', 81.86732530593872, 1275, 1141, 675, 614], ['mouse', 98.29749464988708, 767, 687, 753, 668], ['book', 70.20204663276671, 1236, 1069, 1024, 956]]"
000000398842.jpg,"[['sofa', 87.08816170692444, 1307, 789, 815, 540], ['sofa', 81.66185617446901, 1527, 1154, 1108, 598], ['tvmonitor', 99.07050728797913, 467, 197, 399, 173]]"
000000399164.jpg,"[['tvmonitor', 98.35577011108398, 762, 362, 364, 72], ['chair', 99.7217893600464, 1602, 919, 1069, 246], ['laptop', 99.20693635940552, 1038, 748, 393, 158], ['keyboard', 99.5899736881256, 1063, 730, 539, 475]]"
000000400592.jpg,"[['chair', 96.80171012878418, 978, 520, 1073, 535], ['tvmonitor', 98.93428683280943, 899, 568, 461, 155], ['keyboard', 99.1877555847168, 921, 607, 501, 407], ['book', 90.12492299079895, 1228, 1067, 478, 409]]"
000000401010.jpg,"[['bed', 98.61248135566713, 1391, 237, 1094, 458], ['tvmonitor', 89.09761905670166, 345, 140, 348, 220], ['chair', 99.66570734977722, 1242, 1030, 768, 539]]"
000000402368.jpg,"[['sofa', 91.0526692867279, 783, 43, 1077, 611], ['chair', 63.74103426933289, 973, 880, 525, 395], ['tvmonitor', 99.64163899421692, 1635, 1444, 623, 427], ['laptop', 61.9085431098938, 803, 657, 702, 638], ['book', 83.22119116783142, 803, 657, 702, 638]]"
000000402954.jpg,"[['sofa', 99.30419325828552, 1448, 42, 1061, 236], ['person', 66.85619950294496, 1235, 1061, 317, 160], ['tvmonitor', 75.81389546394348, 1239, 1036, 324, 149]]"
000000404545.jpg,"[['sofa', 96.7875063419342, 1540, 1012, 1103, 581], ['diningtable', 68.17751526832579, 934, 540, 1053, 691], ['tvmonitor', 99.8267948627472, 498, 294, 566, 400], ['chair', 91.76874160766602, 338, 143, 875, 473], ['book', 63.02745938301086, 737, 584, 822, 759]]"
000000408431.jpg,"[['tvmonitor', 99.89471435546876, 1122, 668, 464, 132], ['laptop', 99.97104406356813, 660, 273, 562, 197], ['cup', 92.47274398803712, 1307, 1205, 575, 460], ['keyboard', 99.93095993995668, 1072, 714, 647, 546], ['chair', 79.71948981285095, 1538, 1326, 1074, 879], ['cup', 61.31095886230469, 735, 669, 540, 450], ['mouse', 99.60245490074158, 1247, 1182, 620, 571]]"
000000409097.jpg,"[['tvmonitor', 96.75285816192628, 1551, 1147, 510, 140], ['sofa', 96.29442095756531, 1109, 34, 1081, 633], ['chair', 90.2244508266449, 481, 235, 737, 524], ['chair', 99.45038557052612, 957, 735, 749, 530]]"
000000409457.jpg,"[['sofa', 99.15433526039124, 656, 63, 1036, 562], ['sofa', 71.99023365974426, 1142, 897, 793, 591]]"
000000413141.jpg,"[['chair', 76.65589451789856, 1677, 1324, 1117, 402], ['tvmonitor', 99.51942563056946, 402, 49, 773, 423]]"
000000415694.jpg,"[['chair', 99.97466802597046, 1006, 628, 898, 405], ['tvmonitor', 99.62068796157835, 950, 677, 343, 124], ['mouse', 98.45805168151855, 977, 920, 432, 402]]"
000000416656.jpg,"[['sofa', 98.86718392372131, 1634, 869, 995, 592], ['chair', 78.25838327407838, 1677, 826, 1094, 910], ['tvmonitor', 99.8050570487976, 978, 726, 435, 234]]"
000000419653.jpg,"[['tvmonitor', 97.7706789970398, 1541, 1337, 296, 47], ['microwave', 99.09199476242064, 392, 235, 469, 311], ['microwave', 92.19108819961548, 555, 385, 455, 335], ['chair', 91.6185200214386, 880, 719, 581, 392], ['bottle', 98.33916425704956, 971, 884, 792, 504], ['bottle', 81.4630448818207, 426, 312, 821, 631], ['bowl', 86.67609691619873, 772, 505, 885, 714], ['bottle', 81.8187117576599, 1260, 1204, 289, 154]]"
000000421102.jpg,"[['tvmonitor', 99.15611147880554, 716, 328, 453, 107], ['keyboard', 91.20799899101256, 945, 457, 804, 620], ['laptop', 99.85082745552064, 1153, 839, 424, 133], ['cup', 89.61504697799683, 1529, 1473, 347, 228], ['mouse', 89.00474905967712, 1069, 1010, 635, 593]]"
000000422172.jpg,"[['tvmonitor', 95.31844258308409, 1404, 1069, 570, 362], ['bed', 71.49271368980408, 1102, 270, 1068, 708], ['tvmonitor', 99.47893023490906, 1341, 1086, 503, 338]]"
000000422654.jpg,"[['diningtable', 88.09176087379456, 1113, 408, 1076, 529], ['tvmonitor', 98.27091097831726, 556, 406, 345, 177], ['pottedplant', 88.6792242527008, 430, 257, 477, 220], ['pottedplant', 95.92462182044984, 1035, 884, 633, 483], ['refrigerator', 97.98716902732849, 1413, 1192, 891, 241], ['chair', 69.96116638183594, 476, 145, 864, 466]]"
000000426355.jpg,"[['laptop', 95.38971185684204, 1516, 1025, 324, 83], ['microwave', 99.51881766319276, 637, 191, 321, 58], ['cell phone', 99.92310404777528, 595, 204, 680, 373], ['oven', 96.5306043624878, 1488, 1188, 992, 556]]"
000000427733.jpg,"[['sofa', 89.22634720802307, 696, 52, 1074, 593], ['sofa', 80.54443001747131, 1615, 1075, 1100, 768], ['chair', 73.40421676635742, 1621, 1068, 1105, 752], ['tvmonitor', 99.91414546966551, 1632, 1362, 673, 506], ['chair', 97.91550636291504, 860, 758, 698, 533], ['chair', 93.83143782615662, 741, 644, 708, 546], ['vase', 65.97914695739746, 772, 741, 545, 507]]"
000000428736.jpg,"[['tvmonitor', 99.68644976615906, 1060, 891, 396, 267], ['sofa', 94.43197250366212, 1119, 796, 646, 506], ['diningtable', 62.04952597618103, 752, 336, 728, 649], ['diningtable', 63.56768608093262, 1542, 1278, 856, 725], ['chair', 99.89047050476074, 508, 248, 995, 681], ['chair', 99.92127418518066, 823, 570, 1019, 689], ['chair', 88.10503482818605, 412, 286, 701, 626]]"
000000429312.jpg,"[['tvmonitor', 98.49380254745485, 1563, 1171, 573, 213], ['sofa', 89.5266890525818, 1060, 140, 1075, 624], ['bottle', 95.8341121673584, 1396, 1269, 1063, 730], ['remote', 91.08836650848387, 1138, 880, 1074, 1003]]"
000000429384.jpg,"[['sofa', 97.9226529598236, 791, 75, 798, 422], ['chair', 91.49193167686462, 868, 46, 1083, 753], ['tvmonitor', 98.12538027763368, 1390, 1165, 376, 205], ['book', 60.71195602416992, 453, 225, 946, 828]]"
000000430047.jpg,"[['tvmonitor', 97.60193824768066, 1156, 566, 415, 62], ['book', 62.26736307144165, 960, 943, 531, 454], ['remote', 60.280591249465935, 782, 662, 777, 708]]"
000000432522.jpg,"[['tvmonitor', 99.37766790390016, 1387, 1018, 706, 446], ['laptop', 91.36458039283752, 1171, 790, 931, 757], ['sofa', 89.59541320800781, 1239, 113, 1072, 681], ['pottedplant', 91.50593280792236, 399, 149, 681, 477], ['laptop', 99.90177154541016, 907, 629, 838, 668], ['mouse', 80.95092177391051, 1143, 1111, 675, 654], ['keyboard', 94.47842240333557, 1379, 1176, 698, 650], ['cup', 75.81395506858827, 1128, 1058, 944, 831]]"
000000432598.jpg,"[['tvmonitor', 93.51170659065248, 505, 114, 675, 379], ['bed', 99.68474507331848, 1529, 841, 1100, 600], ['teddy bear', 64.54277634620668, 892, 815, 198, 113], ['teddy bear', 80.00814914703369, 839, 767, 294, 213]]"
000000433770.jpg,"[['tvmonitor', 94.27580237388612, 1115, 777, 327, 60], ['tvmonitor', 97.3247528076172, 783, 522, 311, 94], ['laptop', 76.17688179016112, 787, 521, 347, 94], ['mouse', 68.50391030311584, 880, 807, 388, 353], ['mouse', 98.70519638061523, 960, 862, 396, 360]]"
000000435210.jpg,"[['tvmonitor', 97.42119312286377, 516, 121, 537, 168], ['mouse', 99.3135929107666, 517, 422, 657, 594]]"
000000438567.jpg,"[['tvmonitor', 99.94283318519592, 1345, 1026, 733, 531], ['chair', 82.00750350952148, 536, 138, 848, 616], ['sofa', 77.91091203689575, 542, 132, 880, 628], ['sofa', 77.32044458389281, 740, 160, 1075, 851]]"
000000439472.jpg,"[['sofa', 84.54664945602417, 702, 166, 1054, 684], ['sofa', 94.06253695487976, 1438, 750, 1091, 750], ['tvmonitor', 94.07823085784912, 1254, 1060, 621, 475]]"
000000443240.jpg,"[['sofa', 93.49082708358765, 1140, 607, 698, 444], ['tvmonitor', 99.40050840377808, 1279, 1030, 687, 431]]"
000000444644.jpg,"[['chair', 98.77558946609496, 1002, 474, 1006, 366], ['bed', 85.4893445968628, 1583, 825, 1000, 533], ['book', 86.7225170135498, 1376, 922, 1002, 808], ['tvmonitor', 99.41559433937073, 752, 464, 375, 149], ['book', 76.36902332305908, 1172, 1031, 323, 292], ['book', 84.99638438224792, 1174, 1028, 344, 309], ['book', 74.06285405158997, 1176, 1027, 360, 329], ['keyboard', 89.67686891555786, 639, 486, 442, 382]]"
000000445829.jpg,"[['sofa', 96.11428380012512, 1057, 182, 1059, 572], ['tvmonitor', 99.76393580436708, 548, 257, 568, 350]]"
000000446881.jpg,"[['tvmonitor', 96.39450907707214, 438, 105, 566, 372], ['chair', 96.26476168632507, 1414, 1041, 804, 535], ['sofa', 91.12587571144104, 1593, 861, 1113, 652], ['chair', 98.82940053939821, 921, 785, 573, 391], ['chair', 61.15466356277466, 1123, 1027, 576, 407], ['chair', 90.28327465057372, 1065, 916, 608, 418], ['book', 93.20340156555176, 878, 684, 844, 740], ['book', 81.23052716255187, 719, 473, 948, 818], ['chair', 65.29814600944519, 927, 859, 431, 369]]"
000000448409.jpg,"[['tvmonitor', 99.79246258735657, 470, 224, 455, 281], ['chair', 96.88818454742432, 699, 515, 680, 424]]"
000000453625.jpg,"[['laptop', 99.80793595314026, 855, 538, 455, 277], ['laptop', 99.65842962265016, 554, 136, 627, 312], ['laptop', 99.9742329120636, 1270, 860, 636, 292], ['chair', 99.8958170413971, 1085, 529, 1102, 554], ['tvmonitor', 84.80360507965088, 955, 713, 327, 84], ['keyboard', 64.10057544708252, 1192, 941, 553, 450], ['cup', 63.03609013557434, 1506, 1400, 623, 508], ['mouse', 99.19379949569702, 874, 824, 456, 408], ['mouse', 88.83946537971497, 1253, 1187, 612, 542]]"
000000457986.jpg,"[['chair', 99.32607412338257, 427, 58, 940, 642], ['diningtable', 85.54196953773499, 553, 94, 931, 655], ['sofa', 99.750816822052, 1671, 1087, 1106, 681], ['sofa', 74.89085793495178, 390, 19, 1050, 854], ['tvmonitor', 99.85365271568298, 365, 173, 540, 341], ['refrigerator', 97.25139737129213, 930, 808, 761, 483], ['chair', 95.76132297515869, 631, 376, 916, 617], ['microwave', 98.53989481925964, 1063, 929, 514, 451], ['chair', 87.42895126342773, 509, 365, 654, 590]]"
000000459825.jpg,"[['laptop', 99.82743263244629, 815, 501, 715, 402], ['tvmonitor', 96.58274054527284, 383, 59, 919, 562]]"
000000463944.jpg,"[['book', 81.66950941085815, 1304, 1228, 550, 355], ['book', 80.27860522270204, 1358, 1288, 550, 363], ['tvmonitor', 99.8042345046997, 439, 51, 842, 422], ['book', 74.69052672386171, 1321, 1294, 544, 349], ['book', 78.53776812553407, 1355, 1325, 541, 354], ['book', 63.29699754714966, 1383, 1358, 544, 352], ['book', 77.2720217704773, 1060, 1032, 543, 425], ['book', 79.43871021270752, 1096, 1063, 548, 426], ['book', 60.49332022666931, 1161, 1130, 563, 458], ['book', 75.66105127334596, 1098, 1062, 700, 594], ['book', 86.34254932403564, 1131, 1099, 710, 589], ['book', 83.5524320602417, 1162, 1129, 715, 590], ['vase', 92.79706478118895, 1123, 1028, 933, 850]]"
000000466573.jpg,"[['sofa', 98.37125539779665, 614, 67, 1061, 621], ['tvmonitor', 99.49344396591188, 1223, 1024, 698, 553], ['chair', 97.16293215751648, 924, 655, 828, 563], ['book', 67.28724837303162, 573, 558, 663, 634]]"
000000467089.jpg,"[['chair', 85.96462607383728, 652, 335, 562, 372], ['bed', 99.43504929542542, 1331, 181, 948, 479], ['tvmonitor', 98.28124046325684, 1417, 1177, 414, 219], ['chair', 99.85294342041016, 938, 710, 550, 347]]"
000000468830.jpg,"[['chair', 89.59454298019409, 731, 356, 1059, 374], ['tvmonitor', 98.56508374214172, 958, 769, 354, 214], ['laptop', 99.26917552947998, 845, 623, 472, 329]]"
000000469558.jpg,"[['sofa', 96.32536768913269, 1526, 152, 1100, 612], ['tvmonitor', 99.72246289253236, 1420, 1149, 486, 308], ['chair', 98.85658025741577, 573, 312, 705, 474], ['microwave', 88.43925595283508, 699, 622, 377, 308]]"
000000470385.jpg,"[['bed', 79.09764051437378, 1441, 316, 1026, 377]]"
000000471816.jpg,"[['tvmonitor', 96.1637020111084, 1568, 1247, 593, 357], ['sofa', 96.48420810699464, 1628, 1140, 1111, 695], ['chair', 99.86377954483031, 771, 457, 741, 455], ['book', 92.94087290763856, 945, 715, 1060, 971], ['clock', 82.91358947753906, 717, 659, 283, 193], ['wine glass', 64.6275281906128, 825, 777, 860, 759], ['bottle', 88.39691281318666, 783, 737, 907, 759], ['book', 60.141640901565545, 1132, 961, 888, 819], ['remote', 88.02608847618103, 1067, 965, 945, 882], ['remote', 70.9344744682312, 1043, 951, 957, 897]]"
000000477156.jpg,"[['sofa', 88.43052983283997, 757, 59, 1055, 201], ['sofa', 61.71388626098633, 1634, 1244, 1106, 773], ['tvmonitor', 89.36863541603088, 982, 755, 237, 89]]"
000000478648.jpg,"[['tvmonitor', 99.97783899307251, 1499, 1145, 521, 301], ['sofa', 86.36667132377625, 1524, 674, 1092, 890], ['pottedplant', 99.77316856384277, 687, 400, 472, 144], ['chair', 72.76628613471983, 664, 429, 784, 584], ['pottedplant', 90.2249276638031, 1409, 1207, 772, 639]]"
000000483328.jpg,"[['tvmonitor', 95.04732489585876, 759, 391, 291, 24], ['bed', 68.3099925518036, 544, 120, 1064, 636]]"
000000484847.jpg,"[['sofa', 92.26526618003844, 1530, 1118, 843, 522], ['sofa', 98.79938960075378, 562, 126, 1051, 503], ['tvmonitor', 98.21298122406006, 621, 483, 370, 232], ['chair', 62.26226687431336, 1534, 1343, 1049, 608]]"
000000486383.jpg,"[['tvmonitor', 95.94589471817015, 665, 257, 478, 166], ['keyboard', 99.46938753128052, 666, 187, 782, 558], ['laptop', 95.7161545753479, 1681, 1384, 607, 247], ['mouse', 97.25611209869385, 624, 522, 570, 524]]"
000000487632.jpg,"[['book', 62.473326921463006, 1120, 273, 636, 154], ['chair', 82.41119384765625, 582, 138, 984, 606], ['pottedplant', 93.20257902145386, 299, 154, 533, 392], ['chair', 84.93779897689821, 845, 514, 885, 566], ['vase', 71.37031555175781, 506, 437, 637, 574]]"
000000488201.jpg,"[['tvmonitor', 72.8717565536499, 968, 563, 468, 97], ['keyboard', 98.80292415618895, 1056, 541, 750, 602], ['cup', 71.23560905456544, 1248, 1145, 473, 364], ['book', 62.9718542098999, 475, 283, 881, 789], ['mouse', 91.03109836578369, 1157, 1075, 669, 602]]"
000000492905.jpg,"[['tvmonitor', 99.12394881248474, 1019, 700, 370, 107], ['keyboard', 99.16188716888428, 947, 630, 464, 394]]"
000000492970.jpg,"[['sofa', 85.01549363136293, 1535, 1147, 1089, 718], ['tvmonitor', 98.88975024223328, 541, 342, 379, 194], ['chair', 60.70632338523865, 979, 806, 765, 469], ['remote', 65.02432823181152, 1193, 1115, 745, 726], ['book', 92.57532954216005, 1058, 935, 856, 812], ['book', 79.69367504119873, 1068, 918, 893, 842]]"
000000495867.jpg,"[['sofa', 78.22118997573854, 1161, 787, 934, 701], ['sofa', 99.43103194236755, 658, 75, 1057, 682], ['tvmonitor', 99.84055161476135, 1438, 1259, 898, 635], ['chair', 79.01880741119385, 1119, 789, 924, 673]]"
000000499134.jpg,"[['tvmonitor', 98.06070923805237, 1457, 978, 637, 157], ['laptop', 99.68715310096741, 860, 211, 896, 309], ['chair', 94.1624402999878, 342, 131, 424, 198], ['remote', 88.8608753681183, 1399, 1213, 726, 599], ['keyboard', 86.28604412078856, 1536, 1354, 727, 615], ['mouse', 99.03808236122131, 1145, 999, 743, 669]]"
000000502231.jpg,"[['bed', 98.66693019866943, 1662, 338, 937, 553], ['tvmonitor', 99.76789951324464, 1540, 1340, 599, 486]]"
000000503249.jpg,"[['sofa', 84.9462628364563, 624, 116, 1052, 468], ['pottedplant', 96.33734226226808, 690, 523, 599, 42], ['tvmonitor', 99.70545172691344, 1320, 1146, 438, 300], ['sofa', 87.95256614685059, 528, 203, 548, 381], ['chair', 79.17508482933043, 1362, 1188, 776, 531], ['remote', 64.14839625358583, 481, 347, 722, 695]]"
000000503412.jpg,"[['sofa', 98.09671640396118, 1575, 994, 958, 566], ['tvmonitor', 99.0794599056244, 273, 128, 690, 478], ['pottedplant', 94.15640830993652, 848, 677, 675, 503]]"
000000507575.jpg,"[['laptop', 97.05769419670105, 1007, 685, 345, 85], ['laptop', 82.8568696975708, 443, 135, 946, 747], ['tvmonitor', 74.07128810882568, 1001, 732, 294, 51], ['laptop', 98.99610877037048, 638, 376, 315, 85], ['keyboard', 98.0701744556427, 1061, 633, 686, 594], ['mouse', 98.609060049057, 1192, 1120, 725, 660], ['cell phone', 81.28348588943481, 510, 428, 760, 698]]"
000000508663.jpg,"[['chair', 99.08325076103209, 494, 122, 830, 450], ['sofa', 99.75152015686035, 1546, 559, 851, 457], ['tvmonitor', 97.61682748794556, 1130, 998, 298, 185], ['chair', 83.20590853691102, 1112, 976, 471, 349], ['chair', 87.20924258232117, 1533, 1363, 1075, 747], ['book', 98.67675304412842, 734, 453, 981, 846], ['book', 82.07427263259888, 1042, 916, 730, 698], ['book', 61.419928073883064, 1033, 881, 771, 727]]"
000000511430.jpg,"[['refrigerator', 97.37328886985779, 1329, 960, 914, 421], ['microwave', 99.57033395767212, 919, 648, 547, 428], ['tvmonitor', 93.767112493515, 1620, 1443, 583, 415], ['oven', 90.7676637172699, 922, 662, 709, 589], ['wine glass', 94.86318826675415, 110, 56, 348, 208], ['wine glass', 97.54773378372192, 171, 112, 361, 226], ['wine glass', 77.67876982688905, 204, 153, 357, 239], ['wine glass', 70.23690342903136, 235, 188, 373, 253], ['wine glass', 92.34119057655334, 266, 212, 380, 247], ['cup', 72.87591099739075, 504, 418, 837, 759]]"
000000512007.jpg,"[['tvmonitor', 95.63161134719849, 515, 230, 369, 88]]"
000000512240.jpg,"[['tvmonitor', 97.7890968322754, 1594, 1234, 767, 512], ['chair', 99.2038071155548, 1485, 966, 1101, 662], ['person', 85.16198992729188, 1557, 1267, 692, 495], ['keyboard', 98.42641353607178, 1628, 1312, 933, 871], ['bottle', 62.99026608467102, 812, 765, 808, 675], ['keyboard', 87.02579140663147, 1629, 1303, 900, 861]]"
000000512308.jpg,"[['bed', 84.40819382667543, 779, 546, 396, 187], ['chair', 92.2433078289032, 1102, 996, 405, 234], ['diningtable', 64.74486589431764, 1069, 847, 776, 614], ['chair', 91.76652431488036, 823, 703, 802, 642]]"
000000515212.jpg,"[['diningtable', 75.47137141227722, 822, 286, 986, 564], ['sofa', 95.36247849464417, 1500, 807, 1099, 743], ['chair', 78.65015268325807, 913, 824, 639, 490], ['tvmonitor', 97.8528082370758, 207, 115, 787, 466], ['chair', 99.12062883377077, 504, 303, 933, 586], ['chair', 99.93689060211182, 796, 540, 957, 556], ['chair', 73.43540787696837, 396, 291, 580, 508]]"
000000518873.jpg,"[['chair', 99.87223148345949, 643, 205, 1037, 482], ['tvmonitor', 99.44621920585631, 1529, 1132, 541, 138]]"
000000523322.jpg,"[['keyboard', 99.73781704902649, 1539, 1123, 998, 614], ['backpack', 79.10948395729066, 622, 263, 981, 694], ['bottle', 97.38094806671144, 1139, 1067, 436, 235], ['book', 66.20064377784729, 858, 646, 448, 335], ['tvmonitor', 99.35821294784546, 1552, 1304, 675, 318], ['cup', 96.59311175346376, 1101, 984, 646, 529]]"
000000523682.jpg,"[['tvmonitor', 92.07120537757874, 1304, 890, 387, 130], ['book', 63.123738765716546, 1604, 308, 1077, 209], ['laptop', 99.5418131351471, 525, 25, 1014, 698], ['book', 73.88991713523866, 580, 510, 607, 370], ['book', 74.49928522109984, 1368, 1292, 579, 384], ['book', 68.51450800895691, 1558, 1488, 577, 412], ['book', 66.99134111404419, 1667, 1593, 586, 423], ['book', 62.80292868614197, 644, 582, 615, 400], ['book', 61.07022166252136, 706, 632, 615, 408], ['keyboard', 74.35268759727478, 1371, 860, 754, 645], ['book', 68.09404492378235, 793, 523, 802, 763], ['book', 68.42840909957886, 801, 515, 842, 803]]"
000000526794.jpg,"[['sofa', 94.60393190383913, 1067, 560, 850, 577], ['sofa', 97.6079523563385, 834, 56, 1064, 635], ['tvmonitor', 99.78063702583313, 1493, 1189, 445, 207], ['vase', 81.59045577049254, 868, 820, 846, 730]]"
000000526896.jpg,"[['bed', 99.79829788208008, 810, 35, 1075, 390], ['chair', 88.28762173652649, 1471, 1043, 1108, 661], ['tvmonitor', 99.63350892066956, 1637, 1314, 606, 292], ['keyboard', 99.57677125930786, 1580, 1280, 730, 608], ['book', 63.6261522769928, 931, 912, 357, 302]]"
000000528956.jpg,"[['bed', 99.07331466674805, 1519, 431, 1041, 694], ['tvmonitor', 99.59356188774107, 692, 490, 434, 272], ['chair', 92.22301840782166, 445, 81, 985, 866]]"
000000531834.jpg,"[['chair', 99.02093410491943, 1120, 770, 777, 450], ['sofa', 96.51058316230774, 1622, 1157, 1121, 586], ['sofa', 93.72342228889464, 491, 68, 1051, 615], ['tvmonitor', 99.87637400627136, 637, 424, 474, 308]]"
000000532747.jpg,"[['sofa', 86.94727420806885, 1581, 692, 1075, 557], ['tvmonitor', 81.70861005783081, 407, 254, 519, 404], ['pottedplant', 93.91748309135436, 539, 329, 681, 407], ['backpack', 95.4515278339386, 1075, 754, 724, 569], ['bowl', 90.16260504722595, 686, 534, 673, 628]]"
000000534121.jpg,"[['sofa', 99.11279678344728, 1010, 109, 1074, 851], ['tvmonitor', 99.42896962165831, 529, 350, 724, 597], ['chair', 99.57441687583923, 410, 131, 893, 624], ['sofa', 91.71903729438782, 1535, 1209, 1086, 723]]"
000000541147.jpg,"[['sofa', 87.37601041793823, 1302, 688, 829, 627], ['sofa', 67.4509823322296, 413, 181, 944, 667], ['chair', 66.75070524215697, 410, 189, 978, 683]]"
000000543333.jpg,"[['sofa', 98.57608675956726, 807, 138, 723, 417], ['sofa', 98.76569509506227, 1381, 709, 1035, 538], ['tvmonitor', 99.56949949264526, 1224, 1036, 506, 378], ['chair', 95.05428075790405, 239, 133, 1032, 557], ['bottle', 72.07307219505309, 648, 618, 630, 527], ['remote', 77.5366187095642, 843, 796, 596, 578]]"
000000546934.jpg,"[['tvmonitor', 99.43948984146118, 1352, 1048, 750, 533], ['sofa', 85.28377413749696, 777, 138, 1062, 657], ['pottedplant', 89.38050270080566, 907, 812, 645, 511]]"
000000547592.jpg,"[['sofa', 89.94680643081665, 1290, 922, 927, 685], ['sofa', 89.99488353729248, 1633, 1256, 1104, 761], ['sofa', 61.293905973434455, 993, 524, 1077, 862], ['chair', 86.76143884658812, 1028, 545, 1081, 873], ['tvmonitor', 99.67411160469057, 501, 290, 689, 527], ['chair', 76.79874300956727, 711, 605, 759, 598], ['chair', 95.1802134513855, 881, 771, 771, 622]]"
000000549711.jpg,"[['keyboard', 99.6998369693756, 1180, 295, 1017, 573], ['mouse', 99.81598258018494, 1401, 1242, 825, 662]]"
000000551574.jpg,"[['sofa', 84.11649465560912, 1716, 121, 1090, 806], ['tvmonitor', 99.11724328994751, 1529, 1259, 764, 586], ['clock', 93.88880729675293, 245, 167, 165, 90]]"
000000551956.jpg,"[['tvmonitor', 96.20351195335388, 981, 547, 398, 128], ['chair', 99.75437521934508, 993, 520, 1100, 602], ['keyboard', 93.4581220149994, 902, 532, 516, 458], ['mouse', 99.2150366306305, 1020, 951, 525, 472]]"
000000554507.jpg,"[['sofa', 97.06063270568848, 1067, 179, 1052, 722], ['tvmonitor', 99.25870299339294, 347, 158, 639, 465], ['chair', 99.6504008769989, 1212, 962, 759, 486]]"
000000554538.jpg,"[['sofa', 98.10945987701416, 1475, 940, 1044, 572], ['tvmonitor', 99.86671209335329, 354, 185, 662, 383]]"
000000558616.jpg,"[['tvmonitor', 99.83222484588623, 549, 309, 713, 482], ['diningtable', 86.92378997802734, 1273, 993, 811, 479], ['chair', 99.63175058364868, 1109, 812, 838, 528], ['bed', 78.34722995758057, 1533, 1349, 1072, 738], ['cup', 60.04714965820313, 1172, 1097, 516, 452]]"
000000558673.jpg,"[['chair', 89.63154554367065, 1339, 700, 1081, 524], ['tvmonitor', 99.77220296859741, 453, 80, 469, 162], ['refrigerator', 76.84199810028076, 1375, 1195, 465, 361]]"
000000562433.jpg,"[['sofa', 90.82188010215759, 830, 332, 1012, 609], ['tvmonitor', 99.76726770401, 1416, 1289, 755, 497], ['clock', 98.10603260993958, 1538, 1477, 396, 290], ['remote', 87.95148134231567, 927, 868, 800, 780]]"
000000566583.jpg,"[['chair', 95.82787752151488, 1545, 1066, 1111, 681], ['tvmonitor', 99.85072612762451, 1315, 1030, 526, 330], ['chair', 98.87455105781557, 935, 704, 841, 543], ['laptop', 98.22248816490172, 754, 503, 894, 686], ['clock', 97.69008159637451, 668, 589, 200, 111]]"
000000569602.jpg,"[['sofa', 64.43904638290404, 755, 151, 1071, 654], ['tvmonitor', 99.74214434623718, 1016, 842, 430, 307], ['chair', 90.44541716575623, 848, 683, 608, 433], ['chair', 71.92385196685791, 1402, 1154, 716, 426], ['laptop', 98.03047776222229, 470, 271, 715, 581]]"
000000570022.jpg,"[['chair', 98.92510175704956, 947, 527, 1046, 643], ['chair', 95.51960825920105, 1510, 944, 1110, 789], ['tvmonitor', 99.88216161727905, 1513, 1283, 484, 328]]"
000000573823.jpg,"[['tvmonitor', 96.23983502388, 679, 57, 430, 55], ['laptop', 99.69042539596558, 1581, 95, 1053, 211]]"
000000576070.jpg,"[['bed', 98.71522188186646, 1291, 152, 1049, 596], ['tvmonitor', 84.44038629531859, 1479, 1328, 505, 349]]"
000000578751.jpg,"[['tvmonitor', 99.3556022644043, 1322, 1055, 766, 522], ['keyboard', 95.1813280582428, 1315, 1025, 817, 727], ['mouse', 98.85289072990416, 1330, 1267, 840, 801]]"
000000579186.jpg,"[['sofa', 93.91520619392395, 1328, 820, 804, 517], ['sofa', 85.35783886909483, 602, 150, 1045, 654], ['chair', 70.57996392250061, 627, 167, 1067, 774], ['tvmonitor', 89.13694024085999, 710, 466, 388, 182]]"
000000580392.jpg,"[['sofa', 99.37414526939392, 1586, 897, 1115, 658], ['pottedplant', 96.73395156860352, 899, 800, 666, 471], ['tvmonitor', 99.74599480628969, 542, 216, 717, 440]]"
