000000001347.jpg,"[['tvmonitor', 99.40209984779358, 1591, 1142, 984, 362], ['laptop', 99.84205961227416, 654, 197, 818, 523], ['keyboard', 99.18872117996216, 1264, 732, 936, 775], ['cup', 73.9304780960083, 819, 707, 740, 668], ['mouse', 98.9477038383484, 702, 610, 811, 748], ['mouse', 99.45064187049866, 1252, 1130, 958, 880]]"
000000004463.jpg,"[['bed', 99.98021125793457, 1574, 403, 969, 198], ['laptop', 98.53201508522034, 405, 131, 852, 600]]"
000000004488.jpg,"[['tvmonitor', 98.43200445175172, 930, 214, 470, 32], ['keyboard', 99.75734949111937, 1444, 331, 1071, 655], ['laptop', 99.1613507270813, 1542, 1262, 404, 175], ['cell phone', 64.46148157119751, 830, 611, 650, 552], ['mouse', 99.69615936279295, 1541, 1397, 759, 649]]"
000000004694.jpg,"[['book', 72.355055809021, 1104, 101, 936, 2], ['book', 60.31585931777954, 418, 296, 133, 7], ['tvmonitor', 96.01931571960449, 1410, 1128, 343, 80], ['book', 62.20468878746033, 1461, 1367, 494, 346], ['laptop', 99.0410089492798, 1381, 1147, 675, 462], ['book', 68.9342737197876, 533, 439, 748, 616], ['book', 86.41903400421144, 475, 361, 782, 658], ['book', 61.687493324279785, 353, 235, 868, 734], ['book', 85.43899059295654, 650, 616, 697, 551], ['book', 66.03075861930847, 671, 641, 693, 543], ['book', 63.69233727455139, 580, 545, 716, 574], ['book', 75.44339895248412, 616, 576, 711, 570]]"
000000024610.jpg,"[['sofa', 67.02248454093933, 1548, 1130, 1110, 741], ['laptop', 92.73754954338074, 461, 201, 709, 539], ['chair', 99.23899173736572, 579, 258, 1061, 668]]"
000000024721.jpg,"[['tvmonitor', 99.34273958206177, 825, 356, 840, 273], ['laptop', 99.967223405838, 1494, 1128, 784, 569], ['tvmonitor', 99.41685795783995, 1085, 811, 640, 319], ['keyboard', 94.43514347076416, 1048, 793, 941, 762], ['cell phone', 98.33205342292786, 745, 655, 1024, 848], ['mouse', 92.18738675117493, 1047, 945, 730, 689]]"
000000026564.jpg,"[['tvmonitor', 99.91258382797241, 1053, 671, 594, 264], ['laptop', 99.81968402862549, 1506, 1107, 804, 545], ['book', 64.70361351966858, 323, 246, 674, 454], ['book', 81.29192590713502, 398, 319, 664, 466], ['book', 78.27686071395873, 463, 390, 667, 454], ['book', 96.347975730896, 514, 425, 683, 434], ['book', 79.34567332267761, 278, 211, 681, 483], ['keyboard', 93.70392560958862, 1032, 616, 825, 715], ['book', 69.92895007133485, 319, 290, 680, 480], ['book', 63.64028453826904, 419, 386, 666, 489], ['mouse', 93.12874674797058, 1125, 1060, 755, 701], ['mouse', 96.84152007102966, 1206, 1090, 910, 817]]"
000000027620.jpg,"[['chair', 99.94139075279236, 1511, 735, 1066, 417], ['laptop', 99.20002222061156, 940, 626, 392, 100], ['bottle', 72.72367477416992, 606, 528, 396, 252], ['keyboard', 99.753737449646, 997, 633, 482, 394]]"
000000034831.jpg,"[['sofa', 71.29733562469481, 540, 121, 1065, 608], ['chair', 63.0657434463501, 1059, 721, 858, 523], ['laptop', 96.73418402671814, 641, 378, 1001, 777]]"
000000040988.jpg,"[['laptop', 99.02172088623048, 614, 228, 784, 606], ['chair', 64.42221999168396, 586, 135, 1055, 825], ['mouse', 73.18696379661559, 928, 830, 901, 783]]"
000000044263.jpg,"[['pottedplant', 72.32329845428467, 971, 804, 717, 417], ['tvmonitor', 88.27053904533386, 1483, 1197, 803, 527], ['laptop', 88.53411674499512, 1550, 1254, 947, 698]]"
000000064659.jpg,"[['pottedplant', 97.1151888370514, 971, 557, 743, 258], ['tvmonitor', 98.46506118774414, 1122, 781, 716, 470], ['laptop', 99.11985993385315, 1462, 1058, 909, 673], ['bottle', 98.4657108783722, 1575, 1489, 898, 681], ['keyboard', 99.94838237762451, 1115, 722, 877, 803], ['mouse', 98.16937446594238, 1228, 1150, 870, 829]]"
000000064893.jpg,"[['laptop', 99.7478723526001, 1004, 516, 923, 711], ['book', 63.14266324043274, 296, 256, 598, 476], ['book', 64.7558331489563, 327, 286, 593, 485], ['vase', 91.73579812049866, 704, 644, 671, 545], ['mouse', 99.13353323936462, 1135, 1050, 863, 792]]"
000000070370.jpg,"[['tvmonitor', 81.58243894577026, 1110, 739, 404, 128], ['laptop', 99.91817474365234, 1103, 691, 492, 108], ['chair', 94.022399187088, 972, 163, 1077, 485], ['mouse', 99.08379912376404, 1261, 1185, 485, 427]]"
000000073686.jpg,"[['laptop', 96.06834053993224, 592, 162, 551, 106], ['backpack', 91.43241643905641, 978, 593, 586, 95], ['book', 98.7943708896637, 936, 697, 751, 534], ['book', 65.75443148612976, 426, 289, 754, 624], ['cell phone', 71.03653550148009, 1255, 1190, 723, 625]]"
000000074576.jpg,"[['tvmonitor', 99.49036240577698, 754, 239, 680, 293], ['tvmonitor', 99.70771670341492, 1205, 790, 624, 299], ['tvmonitor', 92.14057326316832, 1446, 1170, 736, 521], ['laptop', 92.99066662788393, 1440, 1170, 765, 519], ['keyboard', 95.3292965888977, 875, 576, 809, 709]]"
000000081074.jpg,"[['keyboard', 97.87011742591858, 903, 444, 785, 647], ['laptop', 99.61647391319276, 1356, 1008, 661, 347], ['bottle', 83.50531458854675, 616, 555, 647, 479], ['cup', 98.67786169052124, 557, 450, 660, 541], ['mouse', 63.52953314781189, 1202, 1133, 815, 743]]"
000000082790.jpg,"[['chair', 98.21444749832152, 502, 52, 1059, 651], ['tvmonitor', 99.16011095046996, 703, 550, 748, 580], ['chair', 60.33434867858887, 828, 685, 758, 617], ['laptop', 97.23137021064758, 916, 713, 853, 750], ['book', 62.16530799865723, 1457, 1427, 430, 350], ['book', 66.86015725135803, 1513, 1494, 428, 359], ['book', 68.86910200119019, 1543, 1527, 429, 359], ['book', 66.54499173164368, 995, 977, 566, 503], ['book', 63.50859999656677, 990, 970, 651, 593], ['book', 71.72847986221312, 1520, 1481, 685, 610]]"
000000084284.jpg,"[['laptop', 99.8991072177887, 666, 245, 827, 576]]"
000000086426.jpg,"[['tvmonitor', 99.51761364936829, 1116, 663, 540, 236], ['chair', 99.26652312278748, 733, 192, 1026, 426], ['cup', 81.82104229927062, 955, 884, 605, 519], ['keyboard', 97.86328673362732, 884, 657, 643, 590], ['mouse', 98.75901937484741, 983, 916, 652, 604]]"
000000088244.jpg,"[['chair', 98.85658621788023, 1340, 934, 1100, 725], ['tvmonitor', 99.86245632171631, 998, 726, 658, 409], ['laptop', 95.96653580665588, 1322, 1091, 738, 580], ['keyboard', 64.75982666015625, 1291, 1113, 716, 678]]"
000000095828.jpg,"[['chair', 99.44986701011658, 1528, 1179, 1023, 507], ['tvmonitor', 98.94010424613951, 794, 614, 518, 366], ['tvmonitor', 97.62584567070007, 934, 799, 519, 395], ['laptop', 94.59430575370787, 1249, 1099, 577, 461], ['keyboard', 99.5979368686676, 832, 616, 558, 522]]"
000000102446.jpg,"[['sofa', 62.21515536308289, 394, 181, 670, 506], ['tvmonitor', 80.47046065330504, 1628, 1370, 834, 656], ['chair', 73.93464446067809, 433, 239, 906, 617], ['chair', 89.85233306884766, 332, 77, 947, 725], ['chair', 74.11767244338989, 689, 439, 954, 697], ['vase', 95.77809572219849, 654, 604, 688, 605]]"
000000105538.jpg,"[['tvmonitor', 95.13164758682251, 1104, 745, 438, 123], ['laptop', 99.78101849555969, 621, 325, 521, 263], ['keyboard', 97.93393015861513, 781, 471, 716, 551], ['cell phone', 93.3947503566742, 1037, 976, 695, 573], ['cell phone', 67.60048866271973, 1203, 1092, 728, 639], ['mouse', 99.29731488227844, 976, 881, 835, 738]]"
000000111807.jpg,"[['tvmonitor', 97.65372276306152, 508, 126, 706, 344], ['tvmonitor', 84.41987633705139, 1178, 877, 628, 360], ['laptop', 98.85342717170715, 1531, 1223, 865, 591], ['mouse', 99.62069988250731, 1251, 1149, 889, 829]]"
000000116556.jpg,"[['chair', 99.2944061756134, 1178, 697, 1072, 518], ['tvmonitor', 98.0146825313568, 785, 533, 418, 206], ['tvmonitor', 62.21799254417419, 1165, 940, 416, 208], ['keyboard', 62.84805536270142, 909, 601, 475, 394], ['laptop', 98.25306534767151, 1334, 1081, 532, 344], ['keyboard', 80.6273937225342, 921, 670, 518, 439], ['tvmonitor', 85.6923282146454, 420, 172, 659, 338], ['mouse', 70.30882239341736, 968, 918, 466, 438]]"
000000119207.jpg,"[['laptop', 99.7503936290741, 1443, 1070, 584, 296], ['bed', 92.51307249069214, 994, 156, 867, 279], ['backpack', 65.4646098613739, 435, 144, 1057, 690]]"
000000121661.jpg,"[['diningtable', 87.69635558128357, 1441, 165, 1009, 288], ['bottle', 86.93515658378601, 655, 589, 256, 107], ['laptop', 99.53289031982422, 992, 671, 385, 78], ['cell phone', 86.73957586288452, 1293, 1169, 395, 332], ['mouse', 99.03165102005005, 1165, 1089, 404, 351]]"
000000124280.jpg,"[['sofa', 98.95852208137512, 519, 58, 1057, 609], ['laptop', 70.9849715232849, 1301, 1169, 654, 551], ['chair', 99.167662858963, 1024, 830, 894, 546], ['chair', 95.03728151321413, 1542, 1244, 1069, 664]]"
000000124601.jpg,"[['laptop', 92.53007769584656, 1597, 1268, 626, 383], ['microwave', 91.04321599006651, 1284, 970, 547, 409], ['sink', 60.894519090652466, 512, 185, 619, 553], ['bottle', 80.40758967399597, 251, 216, 582, 482], ['cup', 99.80754256248474, 1208, 1088, 581, 506], ['sink', 64.02146220207214, 492, 203, 597, 560]]"
000000127342.jpg,"[['laptop', 99.9009907245636, 601, 188, 670, 248], ['microwave', 99.99637603759766, 1357, 578, 765, 175], ['keyboard', 99.7207760810852, 1090, 492, 891, 656], ['cup', 97.83405661582948, 1501, 1369, 653, 510], ['cup', 96.02275490760805, 1540, 1381, 843, 657]]"
000000127558.jpg,"[['laptop', 99.75748658180237, 646, 231, 561, 183], ['chair', 99.86736178398131, 1035, 482, 1092, 486], ['mouse', 90.13988971710205, 753, 645, 422, 375]]"
000000129334.jpg,"[['tvmonitor', 99.68182444572449, 809, 264, 736, 352], ['laptop', 99.92600083351135, 1510, 1041, 931, 597], ['keyboard', 92.31322407722472, 803, 251, 894, 798], ['cup', 67.16740727424622, 963, 879, 747, 662], ['mouse', 78.99407744407655, 858, 792, 772, 719], ['mouse', 71.77903652191162, 991, 921, 878, 820]]"
000000132793.jpg,"[['diningtable', 71.80252075195312, 693, 254, 1035, 700], ['sofa', 97.22540378570557, 1624, 1013, 1111, 710], ['laptop', 94.58541870117188, 622, 448, 746, 644], ['chair', 99.36538934707642, 644, 421, 1060, 713]]"
000000142557.jpg,"[['chair', 99.5484471321106, 1528, 935, 1100, 534], ['tvmonitor', 99.79889988899231, 1053, 696, 442, 126], ['laptop', 98.73223900794984, 1330, 1101, 443, 271], ['keyboard', 99.59992170333862, 1159, 804, 568, 437], ['keyboard', 62.28762865066528, 1308, 1113, 407, 360], ['mouse', 92.77374148368835, 1255, 1189, 466, 421]]"
000000153856.jpg,"[['tvmonitor', 99.22044277191162, 1044, 544, 568, 178], ['laptop', 97.01462388038635, 1408, 1014, 636, 215], ['keyboard', 99.77061152458192, 1137, 636, 879, 623], ['cell phone', 60.62266230583191, 531, 477, 561, 435], ['mouse', 77.49516367912292, 1022, 947, 544, 492], ['mouse', 99.88813996315002, 1329, 1229, 739, 656]]"
000000158222.jpg,"[['bed', 93.54462027549744, 1640, 861, 1104, 751], ['chair', 92.83607006072998, 534, 97, 1063, 766], ['suitcase', 69.44201588630675, 732, 518, 516, 361], ['laptop', 92.49286651611328, 637, 375, 630, 412], ['mouse', 93.18983554840088, 611, 565, 658, 613]]"
000000160498.jpg,"[['tvmonitor', 65.69462418556213, 892, 587, 683, 495], ['chair', 98.87354373931885, 595, 143, 1060, 636], ['tvmonitor', 62.81927227973938, 887, 748, 688, 498], ['laptop', 82.70122408866881, 546, 349, 714, 540], ['keyboard', 97.76081442832948, 833, 551, 756, 653], ['book', 83.0046832561493, 1052, 854, 770, 663], ['book', 67.25482344627379, 1149, 997, 761, 696], ['mouse', 86.98511719703674, 813, 743, 796, 748]]"
000000161227.jpg,"[['laptop', 99.88651871681213, 1428, 1080, 578, 311], ['chair', 98.82219433784485, 1395, 242, 998, 270], ['cell phone', 70.03430128097534, 358, 113, 595, 494], ['remote', 87.58533596992494, 1197, 981, 886, 767], ['remote', 61.20233535766602, 353, 207, 512, 449], ['cell phone', 63.739562034606934, 353, 207, 512, 449]]"
000000166225.jpg,"[['sofa', 97.0498263835907, 1114, 449, 692, 268], ['diningtable', 82.92760848999023, 521, 127, 951, 458], ['laptop', 96.63339257240295, 331, 138, 540, 410], ['chair', 97.23412990570068, 452, 160, 959, 464]]"
000000179476.jpg,"[['bed', 99.95074272155762, 1638, 83, 1002, 137], ['suitcase', 90.84330201148987, 773, 473, 331, 39], ['backpack', 72.14803695678711, 1175, 876, 434, 191], ['book', 76.50641202926636, 995, 806, 809, 661], ['cell phone', 82.52832889556885, 1262, 1199, 869, 765]]"
000000182162.jpg,"[['sofa', 96.89322710037231, 789, 87, 828, 421]]"
000000182645.jpg,"[['clock', 95.54042220115662, 440, 342, 378, 268], ['laptop', 96.10082507133484, 609, 409, 830, 700], ['chair', 79.06367182731628, 786, 586, 990, 701], ['chair', 96.1582899093628, 1050, 908, 999, 791], ['tvmonitor', 78.59998345375061, 581, 487, 743, 650]]"
000000184550.jpg,"[['laptop', 89.41601514816284, 957, 415, 431, 144], ['bed', 66.36563539505005, 1535, 118, 637, 8], ['cell phone', 65.5414044857025, 941, 775, 443, 372]]"
000000184903.jpg,"[['chair', 99.92551803588869, 996, 419, 1089, 532], ['tvmonitor', 99.3412971496582, 996, 749, 560, 354], ['tvmonitor', 98.7416446208954, 1253, 986, 609, 362], ['keyboard', 99.68278408050536, 1123, 877, 701, 568], ['cup', 95.93700170516969, 1366, 1273, 686, 576]]"
000000193194.jpg,"[['laptop', 98.8663911819458, 533, 190, 1005, 766], ['bed', 77.48914361000061, 1512, 669, 1100, 804], ['book', 77.0310640335083, 901, 873, 327, 199], ['book', 77.93789505958556, 932, 909, 328, 195], ['book', 86.59287691116333, 964, 938, 326, 200], ['book', 71.33753299713135, 997, 972, 327, 199], ['book', 63.5209858417511, 1032, 1005, 328, 198], ['book', 71.32472395896913, 838, 811, 335, 218]]"
000000195538.jpg,"[['tvmonitor', 97.74361252784729, 1124, 661, 477, 152], ['laptop', 99.78479146957396, 1571, 1180, 691, 305], ['keyboard', 99.62918162345886, 1149, 628, 705, 545], ['cup', 63.97388577461243, 433, 349, 629, 544], ['mouse', 99.88284111022949, 1277, 1199, 669, 588]]"
000000195918.jpg,"[['tvmonitor', 99.5253562927246, 1251, 785, 673, 346], ['tvmonitor', 99.0405023097992, 666, 149, 738, 324], ['laptop', 98.93770217895508, 1647, 1350, 857, 524], ['keyboard', 99.10457730293274, 716, 293, 841, 737], ['chair', 61.02409958839417, 527, 36, 1055, 936], ['mouse', 99.30809736251831, 833, 758, 751, 710]]"
000000204979.jpg,"[['laptop', 85.21291017532349, 616, 187, 679, 339], ['mouse', 89.21446800231934, 182, 52, 633, 586]]"
000000212321.jpg,"[['tvmonitor', 99.7641384601593, 1051, 861, 592, 443], ['tvmonitor', 76.24388933181763, 439, 267, 885, 710], ['chair', 68.26038956642151, 1626, 1318, 997, 653], ['laptop', 82.81637430191041, 468, 268, 983, 867], ['vase', 70.81246972084045, 1520, 1468, 629, 554], ['vase', 64.25972580909729, 1568, 1513, 633, 565], ['book', 60.25717854499817, 260, 210, 857, 783], ['remote', 79.53258752822877, 529, 467, 1024, 938]]"
000000213207.jpg,"[['sofa', 96.15601897239685, 1116, 260, 1076, 569], ['chair', 73.2682466506958, 1238, 1158, 445, 280], ['chair', 91.1641538143158, 843, 528, 707, 392], ['laptop', 97.25395441055298, 472, 210, 732, 536], ['keyboard', 80.11476993560791, 288, 142, 854, 725], ['book', 63.25893998146057, 482, 462, 264, 216], ['book', 62.70995736122131, 508, 490, 260, 216], ['book', 66.99920296669006, 538, 516, 259, 213]]"
000000218343.jpg,"[['sofa', 99.57560300827026, 1546, 849, 1093, 566], ['bottle', 90.62343835830687, 480, 444, 373, 269], ['bottle', 98.67582321166992, 517, 471, 377, 269], ['book', 60.51204800605774, 418, 398, 567, 462], ['book', 67.74057745933533, 193, 161, 594, 494], ['book', 61.13046407699585, 298, 258, 761, 647], ['book', 75.15388727188109, 259, 232, 777, 664], ['book', 68.27754974365234, 225, 194, 792, 680], ['cup', 60.31157970428467, 1139, 1079, 949, 886]]"
000000221605.jpg,"[['tvmonitor', 99.93298053741456, 1291, 748, 596, 237], ['laptop', 99.9409556388855, 602, 243, 651, 439], ['keyboard', 97.59073853492737, 1203, 632, 733, 600], ['mouse', 98.6638069152832, 1305, 1172, 785, 701]]"
000000226171.jpg,"[['tvmonitor', 99.66053366661072, 1451, 656, 595, 60], ['laptop', 98.51980805397034, 632, 240, 682, 342], ['keyboard', 98.90895485877992, 1561, 710, 844, 665], ['bottle', 90.85049033164978, 701, 581, 718, 370], ['cup', 99.91782903671265, 473, 251, 881, 635]]"
000000227540.jpg,"[['tvmonitor', 99.48754906654358, 1361, 911, 831, 208], ['keyboard', 99.9415397644043, 1092, 702, 980, 636], ['tvmonitor', 95.71870565414429, 908, 536, 539, 206], ['laptop', 99.7767210006714, 537, 220, 651, 300], ['mouse', 98.45519065856934, 1008, 827, 1054, 973]]"
000000239427.jpg,"[['laptop', 99.3485152721405, 1110, 710, 1037, 707], ['tvmonitor', 77.0904004573822, 1419, 1280, 525, 415], ['bottle', 98.88723492622377, 1405, 1322, 876, 627]]"
000000241860.jpg,"[['chair', 68.4115469455719, 1587, 1420, 707, 547], ['chair', 99.1187036037445, 892, 769, 702, 570], ['chair', 98.06395173072815, 1197, 1044, 720, 575], ['laptop', 99.14439916610719, 757, 442, 903, 634], ['vase', 99.02188181877136, 1016, 826, 938, 774], ['book', 64.60129022598268, 206, 118, 943, 795], ['book', 70.80848813056944, 1395, 1094, 1012, 864], ['microwave', 82.96971321105956, 1220, 1100, 472, 397], ['microwave', 79.85645532608031, 1061, 993, 465, 417], ['book', 61.88268661499024, 189, 53, 764, 710], ['book', 62.7133309841156, 261, 226, 894, 790]]"
000000248709.jpg,"[['laptop', 98.15618395805359, 469, 156, 506, 131], ['book', 68.57349872589111, 628, 505, 512, 349], ['book', 95.39101719856262, 1036, 853, 1015, 749], ['cell phone', 73.24706912040709, 1526, 1437, 376, 270], ['bottle', 69.62043642997743, 1525, 1478, 513, 395]]"
000000253263.jpg,"[['tvmonitor', 91.6529417037964, 767, 363, 656, 320], ['keyboard', 99.22037720680237, 941, 390, 830, 605], ['laptop', 99.42756891250609, 1374, 1041, 658, 341], ['mouse', 93.85533332824707, 1031, 925, 685, 614], ['mouse', 78.01639437675477, 1109, 1036, 690, 636]]"
000000256611.jpg,"[['tvmonitor', 98.42970967292786, 1017, 367, 489, 22], ['laptop', 99.78196024894714, 1498, 991, 464, 99], ['keyboard', 99.62906837463379, 1111, 519, 1105, 649], ['mouse', 99.86947774887085, 1350, 1221, 768, 653], ['cell phone', 95.73219418525696, 1153, 1029, 517, 446], ['cell phone', 99.7845709323883, 1071, 957, 609, 519]]"
000000256722.jpg,"[['laptop', 61.256963014602654, 1385, 864, 1097, 883], ['laptop', 60.909074544906616, 1484, 738, 1125, 776], ['tvmonitor', 95.14759182929993, 580, 304, 804, 571], ['book', 71.18931412696837, 258, 225, 680, 590], ['book', 75.43138861656189, 291, 250, 685, 597]]"
000000268668.jpg,"[['tvmonitor', 97.84566164016724, 1410, 1037, 551, 282], ['laptop', 99.83187913894652, 689, 232, 808, 510], ['chair', 92.47269630432129, 1031, 147, 1066, 634], ['bottle', 98.53655099868773, 1408, 1337, 637, 456], ['keyboard', 93.59166026115416, 1360, 944, 681, 556], ['mouse', 66.38063192367554, 656, 592, 674, 630], ['mouse', 91.16532802581787, 1470, 1412, 714, 660]]"
000000268992.jpg,"[['laptop', 99.34015274047852, 753, 239, 307, 17], ['keyboard', 77.01792716979979, 842, 538, 122, 30], ['mouse', 88.33194971084595, 787, 705, 127, 90], ['mouse', 96.7606782913208, 888, 821, 117, 80]]"
000000281382.jpg,"[['sofa', 98.3740746974945, 1091, 426, 1014, 469], ['chair', 63.11568021774292, 548, 133, 1060, 861], ['chair', 99.61020946502686, 1371, 1104, 752, 452], ['laptop', 96.70244455337523, 1217, 945, 957, 780], ['bottle', 96.61329984664916, 1361, 1305, 774, 657], ['book', 68.89151334762572, 309, 241, 850, 752], ['book', 77.26483941078186, 336, 270, 847, 747], ['book', 70.52788138389587, 274, 208, 862, 769], ['book', 72.78333306312561, 209, 142, 887, 783]]"
000000282998.jpg,"[['laptop', 95.03424167633057, 814, 405, 440, 202], ['bed', 99.75168108940123, 1379, 11, 1060, 52], ['bottle', 73.00764322280885, 1433, 1371, 329, 215], ['cell phone', 88.10177445411682, 732, 609, 581, 516]]"
000000284867.jpg,"[['tvmonitor', 98.93940687179564, 730, 145, 594, 213], ['laptop', 98.36040735244751, 1504, 1226, 816, 607]]"
000000290597.jpg,"[['chair', 99.73623752593994, 1186, 771, 1083, 665], ['tvmonitor', 98.32944869995116, 822, 655, 550, 397], ['laptop', 95.16069889068605, 1194, 983, 639, 485], ['keyboard', 99.08252358436584, 903, 690, 611, 557], ['mouse', 66.38837456703186, 916, 875, 588, 569], ['keyboard', 90.84927439689636, 1155, 1012, 619, 561]]"
000000294330.jpg,"[['laptop', 91.05764031410216, 486, 112, 559, 223], ['chair', 99.93371963500977, 1208, 761, 1007, 417], ['tvmonitor', 98.16922545433044, 899, 632, 318, 96], ['tvmonitor', 80.39863109588623, 360, 133, 486, 202], ['keyboard', 99.18366074562073, 1183, 826, 481, 363], ['book', 68.44039559364319, 612, 515, 799, 650], ['book', 61.22891902923584, 1258, 1230, 199, 59], ['mouse', 76.45910978317261, 552, 493, 375, 345], ['mouse', 96.51976823806764, 1264, 1170, 513, 458]]"
000000300103.jpg,"[['laptop', 99.68353509902954, 1053, 716, 445, 208], ['diningtable', 93.80692839622498, 1334, 586, 913, 215], ['chair', 99.09673929214478, 816, 184, 1013, 212], ['pottedplant', 68.37803125381471, 634, 206, 1065, 821], ['cup', 99.50773119926451, 1307, 1236, 389, 278], ['cup', 99.6361792087555, 1188, 1111, 476, 389], ['mouse', 93.79380345344543, 1017, 925, 467, 420]]"
000000306178.jpg,"[['bed', 99.88228082656859, 1570, 110, 1042, 532], ['laptop', 99.8136043548584, 536, 256, 667, 460]]"
000000307573.jpg,"[['refrigerator', 99.90479946136476, 662, 76, 1065, 185], ['sofa', 98.72301816940308, 1633, 1003, 876, 497], ['chair', 97.12727665901184, 1137, 692, 1078, 589], ['laptop', 98.49054217338562, 1525, 1337, 701, 592], ['book', 74.79507327079774, 934, 855, 493, 475], ['book', 65.82284569740295, 927, 847, 512, 495]]"
000000307814.jpg,"[['tvmonitor', 87.90258169174194, 1165, 660, 923, 541], ['laptop', 99.93362426757812, 708, 276, 1024, 660], ['bottle', 97.943115234375, 1471, 1378, 952, 669], ['keyboard', 96.76986336708069, 1194, 757, 1011, 939], ['mouse', 99.24882650375366, 1250, 1175, 941, 882]]"
000000309553.jpg,"[['bed', 98.11266660690308, 1655, 304, 1004, 314], ['laptop', 99.55810904502869, 1046, 790, 859, 709]]"
000000325781.jpg,"[['laptop', 99.6571123600006, 1446, 1114, 812, 570], ['chair', 99.66972470283508, 721, 246, 1055, 632], ['tvmonitor', 97.16333746910095, 1077, 895, 621, 339], ['keyboard', 97.78409004211426, 936, 721, 668, 567], ['cup', 73.42538833618164, 784, 724, 571, 509], ['mouse', 71.87079787254332, 1001, 919, 703, 673], ['cell phone', 73.02885651588441, 957, 835, 737, 666], ['book', 62.26887702941895, 1422, 1386, 928, 776], ['book', 68.12336444854736, 1453, 1419, 929, 783]]"
000000326854.jpg,"[['tvmonitor', 99.36000108718872, 796, 575, 480, 327], ['laptop', 91.91098213195801, 553, 376, 534, 409], ['keyboard', 96.34954333305359, 806, 599, 536, 501], ['mouse', 66.5013313293457, 889, 814, 531, 510]]"
000000328327.jpg,"[['laptop', 99.78209733963013, 722, 332, 407, 79], ['cell phone', 78.61438989639281, 311, 188, 361, 325], ['mouse', 99.97137188911438, 882, 783, 382, 305]]"
000000335140.jpg,"[['tvmonitor', 76.06090307235719, 656, 262, 1057, 735], ['laptop', 96.29258513450623, 678, 257, 1083, 753], ['tvmonitor', 99.2262840270996, 892, 602, 757, 553], ['clock', 83.07049870491028, 1320, 1270, 548, 504], ['book', 65.83203077316284, 1284, 1270, 650, 612], ['book', 65.96695184707643, 1355, 1337, 661, 614], ['mouse', 68.64367723464966, 784, 682, 1058, 1008]]"
000000335308.jpg,"[['sofa', 88.49773406982422, 1155, 370, 656, 289], ['sofa', 99.58065152168274, 1685, 1116, 1017, 441], ['book', 62.10758686065674, 1046, 813, 978, 887]]"
000000341741.jpg,"[['bed', 98.25130105018616, 1398, 230, 1090, 340], ['tvmonitor', 70.10585665702821, 670, 405, 223, 19], ['laptop', 99.86051321029665, 1370, 1054, 692, 398]]"
000000354059.jpg,"[['laptop', 99.79344606399536, 602, 133, 540, 192], ['sofa', 86.86555027961731, 1504, 901, 625, 241], ['chair', 71.71900272369385, 805, 406, 1021, 404], ['chair', 75.30157566070557, 392, 144, 1061, 772], ['bottle', 61.730653047561646, 1338, 1275, 491, 367], ['cup', 68.78930926322937, 1157, 1110, 486, 447], ['cup', 80.89394569396974, 1168, 1109, 526, 483]]"
000000354746.jpg,"[['tvmonitor', 99.8194932937622, 1090, 676, 715, 349], ['laptop', 99.73511695861816, 666, 352, 682, 409], ['keyboard', 99.73379969596864, 851, 470, 852, 734], ['bottle', 91.80627465248108, 1394, 1266, 1034, 698], ['bottle', 62.506651878356934, 1487, 1375, 1058, 818], ['bottle', 87.79870271682739, 408, 373, 192, 109], ['cup', 77.98919677734375, 834, 754, 750, 654], ['mouse', 75.66632628440856, 1001, 922, 785, 734], ['mouse', 95.15883922576904, 1051, 967, 885, 803]]"
000000355748.jpg,"[['bed', 99.58074688911438, 1518, 73, 1085, 357], ['laptop', 94.28391456604004, 545, 265, 619, 437]]"
000000355950.jpg,"[['tvmonitor', 99.79663491249084, 988, 517, 698, 344], ['laptop', 99.81635808944702, 1387, 1021, 803, 492], ['book', 64.0386402606964, 1278, 1228, 300, 63], ['book', 68.92377734184265, 1343, 1295, 302, 57], ['book', 63.39212656021118, 1412, 1361, 301, 60], ['keyboard', 99.58987832069396, 1077, 580, 942, 844], ['mouse', 95.35723924636841, 1210, 1143, 865, 823]]"
000000356856.jpg,"[['tvmonitor', 79.88964915275574, 885, 509, 772, 562], ['tvmonitor', 98.83356094360352, 1242, 865, 793, 566], ['laptop', 99.85296726226808, 671, 265, 995, 707], ['keyboard', 66.66281819343567, 629, 350, 936, 854], ['keyboard', 99.77608919143677, 1145, 846, 939, 869], ['cell phone', 64.60198163986206, 794, 696, 888, 838], ['mouse', 96.36932611465454, 1345, 1280, 973, 923]]"
000000363461.jpg,"[['chair', 99.68205690383913, 576, 106, 976, 431], ['laptop', 98.21080565452576, 854, 394, 1076, 771], ['tvmonitor', 63.52880001068115, 1165, 940, 634, 339], ['tvmonitor', 89.08456563949585, 1244, 1118, 911, 396], ['keyboard', 97.21256494522095, 1043, 903, 813, 704], ['mouse', 85.65939664840698, 1015, 913, 828, 793]]"
000000383250.jpg,"[['tvmonitor', 98.14760684967041, 1059, 648, 572, 270], ['laptop', 99.66675639152528, 583, 166, 721, 324], ['cup', 99.64914321899414, 993, 904, 691, 555], ['keyboard', 96.37967348098756, 1164, 586, 886, 798], ['mouse', 99.86863732337952, 1365, 1274, 915, 839]]"
000000392476.jpg,"[['tvmonitor', 99.7744619846344, 1240, 726, 625, 131], ['keyboard', 99.15899038314821, 796, 479, 829, 640], ['laptop', 99.9171257019043, 640, 296, 577, 285], ['chair', 70.6864833831787, 1636, 1411, 1062, 596], ['cell phone', 89.1868829727173, 835, 767, 767, 647], ['mouse', 98.74266982078552, 1084, 972, 913, 824]]"
000000399164.jpg,"[['tvmonitor', 98.35577011108398, 762, 362, 364, 72], ['chair', 99.7217893600464, 1602, 919, 1069, 246], ['laptop', 99.20693635940552, 1038, 748, 393, 158], ['keyboard', 99.58996176719666, 1063, 730, 539, 475]]"
000000403194.jpg,"[['laptop', 80.40154576301575, 515, 183, 916, 707], ['bed', 99.4220495223999, 1519, 829, 1083, 685], ['tvmonitor', 98.52620363235474, 223, 75, 770, 547], ['keyboard', 87.01598048210144, 591, 285, 1027, 887], ['bottle', 77.92739272117616, 1549, 1511, 727, 647]]"
000000409821.jpg,"[['handbag', 60.67841649055481, 670, 86, 668, 235], ['laptop', 79.8303782939911, 988, 760, 393, 146], ['book', 87.3039484024048, 789, 641, 614, 414], ['book', 91.89973473548888, 924, 785, 604, 431]]"
000000421102.jpg,"[['tvmonitor', 99.15609955787659, 716, 328, 453, 107], ['keyboard', 91.20798707008362, 945, 457, 804, 620], ['laptop', 99.85082745552064, 1153, 839, 424, 133], ['cup', 89.61503505706787, 1529, 1473, 347, 228], ['mouse', 89.00474905967712, 1069, 1010, 635, 593]]"
000000423275.jpg,"[['sofa', 97.86912202835084, 1318, 603, 1062, 756], ['pottedplant', 60.56816577911377, 681, 564, 631, 490], ['pottedplant', 72.95175790786745, 896, 767, 660, 471], ['laptop', 99.83037710189821, 680, 450, 866, 716], ['cup', 81.15974664688109, 815, 741, 930, 871]]"
000000426205.jpg,"[['tvmonitor', 99.90914463996887, 1053, 549, 531, 82], ['laptop', 99.79956150054932, 1482, 1046, 621, 250], ['keyboard', 99.74541068077087, 1142, 779, 743, 599], ['mouse', 99.72229599952698, 704, 610, 791, 696]]"
000000431671.jpg,"[['tvmonitor', 99.4377613067627, 1529, 949, 594, 130], ['keyboard', 98.08191657066344, 1526, 1106, 764, 578], ['cup', 99.57870244979858, 1543, 1382, 851, 680]]"
000000436814.jpg,"[['tvmonitor', 92.95360445976256, 1100, 775, 952, 713], ['chair', 97.3120391368866, 671, 192, 1066, 608]]"
000000452272.jpg,"[['bed', 98.9693284034729, 1331, 84, 1018, 125], ['chair', 95.74477076530457, 1567, 1148, 1082, 448], ['laptop', 99.31601881980896, 957, 716, 267, 100]]"
000000452524.jpg,"[['sofa', 92.91648268699646, 588, 126, 864, 528], ['laptop', 69.73423957824707, 728, 259, 927, 744], ['sofa', 98.87059330940248, 1437, 191, 1089, 697], ['chair', 98.47931265830994, 869, 752, 573, 414], ['chair', 96.82270884513856, 1060, 942, 580, 419], ['chair', 81.6802442073822, 1172, 1088, 562, 413], ['chair', 89.999920129776, 1237, 1155, 551, 411], ['laptop', 96.01609706878662, 604, 327, 890, 734], ['chair', 61.30998730659485, 1167, 1117, 538, 403]]"
000000457705.jpg,"[['bed', 99.3850827217102, 1009, 127, 1068, 497], ['sofa', 63.36926817893982, 1525, 832, 1102, 580], ['laptop', 99.72291588783264, 482, 184, 789, 622]]"
000000460312.jpg,"[['chair', 99.7178852558136, 602, 119, 1057, 773], ['tvmonitor', 99.32779669761658, 884, 598, 670, 354], ['keyboard', 99.60485100746156, 725, 499, 768, 672], ['laptop', 77.90718078613281, 1295, 1016, 821, 622], ['mouse', 89.61206674575806, 756, 677, 798, 758]]"
000000470112.jpg,"[['chair', 99.75755214691162, 764, 348, 927, 211], ['laptop', 98.81866574287416, 969, 698, 347, 159], ['tvmonitor', 70.98827958106996, 962, 733, 340, 155], ['mouse', 96.96490168571472, 1011, 933, 372, 334]]"
000000472080.jpg,"[['tvmonitor', 99.79254007339478, 1285, 805, 523, 137], ['laptop', 99.22850728034972, 638, 218, 660, 274], ['keyboard', 99.82995390892029, 1221, 831, 626, 527], ['mouse', 97.39400148391724, 769, 685, 636, 545], ['mouse', 99.5871901512146, 1353, 1272, 619, 558]]"
000000474049.jpg,"[['tvmonitor', 98.6078143119812, 838, 517, 599, 340], ['laptop', 99.50802326202393, 1296, 1056, 613, 457], ['keyboard', 98.41746091842651, 891, 686, 728, 642], ['keyboard', 66.30734801292421, 1329, 1204, 614, 570], ['mouse', 93.17601323127748, 962, 903, 661, 635]]"
000000484985.jpg,"[['sofa', 99.71062541007996, 994, 91, 1076, 408], ['pottedplant', 99.39098954200745, 873, 518, 515, 204], ['chair', 79.60953116416931, 1336, 1227, 507, 304], ['book', 60.43349504470825, 1219, 1204, 212, 160], ['book', 70.56187391281128, 1251, 1237, 209, 161], ['book', 64.79235887527466, 1281, 1268, 207, 161]]"
000000486383.jpg,"[['tvmonitor', 95.94591856002808, 665, 257, 478, 166], ['keyboard', 99.46938753128052, 666, 187, 782, 558], ['laptop', 95.7161545753479, 1681, 1384, 607, 247], ['mouse', 97.25611209869385, 624, 522, 570, 524]]"
000000493753.jpg,"[['laptop', 99.56223368644714, 534, 121, 828, 476], ['chair', 78.59156727790833, 1534, 980, 1098, 914], ['tvmonitor', 99.39289093017578, 997, 742, 502, 283], ['keyboard', 99.55469965934752, 1091, 789, 627, 569], ['mouse', 99.6812641620636, 1184, 1125, 635, 596], ['mouse', 92.71700382232666, 538, 445, 692, 657]]"
000000494282.jpg,"[['tvmonitor', 99.78950619697572, 1233, 548, 739, 233], ['laptop', 96.28439545631409, 556, 335, 731, 555], ['book', 68.2967245578766, 733, 588, 847, 801]]"
000000501138.jpg,"[['chair', 99.568772315979, 1124, 584, 1089, 642], ['tvmonitor', 99.16039705276488, 1004, 773, 575, 370], ['tvmonitor', 99.23776984214784, 1245, 1005, 599, 376], ['keyboard', 99.73748922348022, 1264, 975, 682, 594], ['cup', 95.379376411438, 1416, 1342, 661, 556], ['mouse', 68.16543340682982, 854, 806, 642, 616]]"
000000504896.jpg,"[['tvmonitor', 90.98051190376282, 1217, 815, 532, 63], ['laptop', 99.78568553924559, 670, 388, 376, 148], ['cup', 94.35983896255492, 1426, 1327, 570, 454], ['cup', 99.86430406570436, 1303, 1174, 607, 489], ['book', 81.19332790374756, 235, 185, 171, 58], ['book', 85.98231077194214, 267, 216, 167, 51], ['book', 67.65522956848146, 200, 153, 177, 76], ['book', 82.24263787269592, 269, 214, 328, 219], ['book', 60.355544090270996, 293, 240, 324, 214], ['book', 71.72474265098572, 206, 151, 347, 233], ['mouse', 99.34123754501344, 560, 465, 475, 422], ['cell phone', 78.27311158180238, 1153, 1030, 515, 453]]"
000000512968.jpg,"[['book', 92.50194430351256, 1297, 941, 488, 311], ['book', 73.10600876808168, 811, 370, 841, 629], ['laptop', 67.25934147834778, 849, 522, 378, 253], ['book', 69.92501020431519, 1295, 930, 542, 451], ['book', 78.49187850952148, 1291, 933, 573, 481], ['book', 78.22003364562987, 485, 331, 383, 337], ['book', 74.32643771171571, 472, 322, 416, 381]]"
000000516175.jpg,"[['chair', 95.47296762466429, 1419, 1011, 1089, 733], ['tvmonitor', 97.73926734924316, 933, 714, 757, 506], ['laptop', 91.44709706306458, 1476, 1189, 874, 604], ['bed', 98.02160859107971, 436, 134, 981, 609], ['book', 73.50732088088989, 696, 684, 730, 638], ['book', 67.00929403305054, 699, 676, 723, 641], ['mouse', 93.89312863349916, 1474, 1397, 872, 829]]"
000000531860.jpg,"[['laptop', 83.67283344268799, 569, 226, 465, 257], ['knife', 68.80303621292114, 1527, 1001, 918, 768], ['pizza', 84.44601893424988, 1470, 651, 1079, 780], ['microwave', 86.71767115592957, 1545, 1232, 144, 28], ['bottle', 86.47851347923279, 1255, 1150, 679, 397], ['knife', 71.47448658943176, 1489, 1392, 391, 309]]"
000000538963.jpg,"[['bed', 99.57088828086852, 1470, 218, 1071, 515], ['laptop', 99.37758445739746, 890, 675, 883, 747], ['chair', 81.44651651382445, 436, 102, 1044, 721]]"
000000542509.jpg,"[['tvmonitor', 85.3094160556793, 687, 246, 347, 160], ['chair', 99.06170964241028, 1394, 844, 1087, 723], ['tvmonitor', 82.6839029788971, 829, 545, 394, 155], ['tvmonitor', 69.69876289367676, 1487, 1198, 589, 332], ['keyboard', 98.78906607627869, 735, 457, 566, 486], ['laptop', 94.37716603279114, 1414, 1149, 797, 646], ['clock', 98.100745677948, 1011, 943, 170, 92], ['mouse', 73.8493800163269, 371, 326, 549, 522]]"
000000545160.jpg,"[['microwave', 70.72564363479614, 1560, 1325, 612, 360], ['sink', 78.20200920104979, 940, 674, 776, 703], ['refrigerator', 99.53370094299316, 1590, 1446, 1058, 515], ['laptop', 97.39585518836977, 446, 181, 949, 742], ['oven', 98.68403673171996, 1338, 1091, 1028, 668], ['bottle', 70.48878073692322, 879, 832, 245, 148], ['sink', 61.42083406448364, 912, 715, 757, 708], ['banana', 67.68805384635925, 562, 441, 813, 747], ['mouse', 65.01191854476929, 458, 406, 940, 905]]"
000000547144.jpg,"[['tvmonitor', 99.5024800300598, 1350, 1086, 586, 329], ['tvmonitor', 98.76742362976074, 793, 487, 610, 366], ['laptop', 99.09281134605408, 474, 196, 775, 500], ['keyboard', 99.23956990242004, 1464, 1130, 689, 593], ['keyboard', 99.30251240730286, 865, 487, 755, 632], ['mouse', 96.10114097595215, 1494, 1422, 628, 590], ['mouse', 85.86304783821106, 910, 844, 697, 652]]"
000000549714.jpg,"[['pottedplant', 67.21540689468385, 1293, 893, 291, 53], ['sofa', 98.81911873817444, 1553, 187, 961, 218], ['pottedplant', 76.42878890037538, 793, 521, 189, 16], ['pottedplant', 62.28021383285522, 1170, 948, 273, 33], ['laptop', 99.02509450912477, 1346, 1095, 527, 361], ['book', 72.5499927997589, 1453, 1422, 175, 82], ['book', 68.79338622093199, 1485, 1452, 179, 87]]"
000000552136.jpg,"[['laptop', 97.96541929244995, 612, 226, 1006, 733], ['diningtable', 92.8043782711029, 1339, 57, 1054, 675], ['chair', 63.27183246612549, 1149, 745, 1072, 851], ['car', 71.56605124473572, 1387, 1212, 439, 336], ['chair', 99.74926710128784, 678, 452, 734, 611], ['vase', 78.47859263420105, 1237, 1171, 558, 466]]"
000000557589.jpg,"[['chair', 92.9254949092865, 1181, 812, 872, 610], ['chair', 60.22183299064636, 1637, 1094, 1110, 706], ['sofa', 73.3848810195923, 1637, 1094, 1110, 706], ['tvmonitor', 99.7804045677185, 344, 112, 761, 482], ['chair', 62.689757347106934, 1455, 1327, 720, 599], ['laptop', 71.91532850265503, 1209, 1007, 803, 682], ['vase', 85.8082115650177, 141, 88, 370, 312], ['vase', 83.22904109954834, 256, 205, 373, 312]]"
000000561403.jpg,"[['tvmonitor', 99.349445104599, 1048, 575, 539, 230], ['laptop', 99.85241889953613, 622, 238, 621, 263], ['chair', 99.74434971809387, 931, 146, 1079, 710], ['tvmonitor', 64.35955762863159, 589, 254, 564, 245], ['tvmonitor', 96.43382430076599, 1231, 980, 757, 537], ['cell phone', 79.24277782440186, 877, 812, 694, 638]]"
000000563280.jpg,"[['pottedplant', 96.1146354675293, 1656, 1079, 799, 210], ['chair', 97.64658212661743, 1624, 1078, 1089, 435], ['diningtable', 73.16886186599731, 725, 147, 1077, 530], ['chair', 97.47264385223387, 864, 461, 1081, 544], ['laptop', 99.49482083320619, 380, 160, 575, 474], ['chair', 99.51286315917969, 1104, 808, 1015, 513], ['chair', 95.36101222038269, 372, 55, 1046, 544]]"
000000566583.jpg,"[['chair', 95.8279013633728, 1545, 1066, 1111, 681], ['tvmonitor', 99.85072612762451, 1315, 1030, 526, 330], ['chair', 98.87455105781557, 935, 704, 841, 543], ['laptop', 98.22248816490172, 754, 503, 894, 686], ['clock', 97.69008159637451, 668, 589, 200, 111]]"
000000568879.jpg,"[['tvmonitor', 99.67287182807922, 642, 179, 692, 376], ['tvmonitor', 96.9472587108612, 1148, 694, 692, 433], ['laptop', 94.50513124465942, 1462, 1091, 798, 563], ['keyboard', 65.90388417243958, 1437, 1090, 757, 691], ['keyboard', 99.19271469116212, 610, 123, 794, 687], ['mouse', 97.3740816116333, 1084, 1015, 743, 705], ['mouse', 78.55803370475769, 1464, 1278, 795, 744]]"
000000576040.jpg,"[['tvmonitor', 99.34375286102295, 851, 397, 556, 237], ['tvmonitor', 99.93885159492493, 1351, 893, 588, 269], ['laptop', 77.2291660308838, 512, 181, 730, 608], ['keyboard', 99.66470003128052, 922, 511, 844, 753], ['keyboard', 95.41977643966676, 912, 609, 938, 851], ['cell phone', 87.58136034011841, 562, 507, 735, 645], ['cell phone', 77.22762823104857, 1391, 1345, 768, 645], ['mouse', 99.002206325531, 1053, 989, 893, 819], ['mouse', 61.086875200271606, 1187, 1123, 905, 829]]"
